INSERT INTO states (state_name) VALUES ('Alabama');
INSERT INTO states (state_name) VALUES ('Alaska');
INSERT INTO states (state_name) VALUES ('Arizona');
INSERT INTO states (state_name) VALUES ('Arkansas');
INSERT INTO states (state_name) VALUES ('California');
INSERT INTO states (state_name) VALUES ('Colorado');
INSERT INTO states (state_name) VALUES ('Connecticut');
INSERT INTO states (state_name) VALUES ('Delaware');
INSERT INTO states (state_name) VALUES ('Florida');
INSERT INTO states (state_name) VALUES ('Georgia');
INSERT INTO states (state_name) VALUES ('Hawaii');
INSERT INTO states (state_name) VALUES ('Idaho');
INSERT INTO states (state_name) VALUES ('Illinois');
INSERT INTO states (state_name) VALUES ('Indiana');
INSERT INTO states (state_name) VALUES ('Iowa');
INSERT INTO states (state_name) VALUES ('Kansas');
INSERT INTO states (state_name) VALUES ('Kentucky');
INSERT INTO states (state_name) VALUES ('Louisiana');
INSERT INTO states (state_name) VALUES ('Maine');
INSERT INTO states (state_name) VALUES ('Maryland');
INSERT INTO states (state_name) VALUES ('Massachusetts');
INSERT INTO states (state_name) VALUES ('Michigan');
INSERT INTO states (state_name) VALUES ('Minnesota');
INSERT INTO states (state_name) VALUES ('Mississippi');
INSERT INTO states (state_name) VALUES ('Missouri');
INSERT INTO states (state_name) VALUES ('Montana');
INSERT INTO states (state_name) VALUES ('Nebraska');
INSERT INTO states (state_name) VALUES ('Nevada');
INSERT INTO states (state_name) VALUES ('New Hampshire');
INSERT INTO states (state_name) VALUES ('New Jersey');
INSERT INTO states (state_name) VALUES ('New Mexico');
INSERT INTO states (state_name) VALUES ('New York');
INSERT INTO states (state_name) VALUES ('North Carolina');
INSERT INTO states (state_name) VALUES ('North Dakota');
INSERT INTO states (state_name) VALUES ('Ohio');
INSERT INTO states (state_name) VALUES ('Oklahoma');
INSERT INTO states (state_name) VALUES ('Oregon');
INSERT INTO states (state_name) VALUES ('Pennsylvania');
INSERT INTO states (state_name) VALUES ('Rhode Island');
INSERT INTO states (state_name) VALUES ('South Carolina');
INSERT INTO states (state_name) VALUES ('South Dakota');
INSERT INTO states (state_name) VALUES ('Tennessee');
INSERT INTO states (state_name) VALUES ('Texas');
INSERT INTO states (state_name) VALUES ('Utah');
INSERT INTO states (state_name) VALUES ('Vermont');
INSERT INTO states (state_name) VALUES ('Virginia');
INSERT INTO states (state_name) VALUES ('Washington');
INSERT INTO states (state_name) VALUES ('West Virginia');
INSERT INTO states (state_name) VALUES ('Wisconsin');
INSERT INTO states (state_name) VALUES ('Wyoming');
INSERT INTO products (product_name) VALUES ('Wheat');
INSERT INTO products (product_name) VALUES ('Corn');
INSERT INTO products (product_name) VALUES ('Rice');
INSERT INTO products (product_name) VALUES ('Soybeans');
INSERT INTO products (product_name) VALUES ('Barley');
INSERT INTO products (product_name) VALUES ('Oats');
INSERT INTO products (product_name) VALUES ('Sorghum');
INSERT INTO products (product_name) VALUES ('Cotton');
INSERT INTO products (product_name) VALUES ('Potatoes');
INSERT INTO products (product_name) VALUES ('Sweet Potatoes');
INSERT INTO products (product_name) VALUES ('Tomatoes');
INSERT INTO products (product_name) VALUES ('Apples');
INSERT INTO products (product_name) VALUES ('Oranges');
INSERT INTO products (product_name) VALUES ('Bananas');
INSERT INTO products (product_name) VALUES ('Grapes');
INSERT INTO products (product_name) VALUES ('Strawberries');
INSERT INTO products (product_name) VALUES ('Blueberries');
INSERT INTO products (product_name) VALUES ('Peaches');
INSERT INTO products (product_name) VALUES ('Pears');
INSERT INTO products (product_name) VALUES ('Carrots');
INSERT INTO products (product_name) VALUES ('Broccoli');
INSERT INTO products (product_name) VALUES ('Cabbage');
INSERT INTO products (product_name) VALUES ('Lettuce');
INSERT INTO products (product_name) VALUES ('Spinach');
INSERT INTO products (product_name) VALUES ('Kale');
INSERT INTO products (product_name) VALUES ('Cucumbers');
INSERT INTO products (product_name) VALUES ('Peppers');
INSERT INTO products (product_name) VALUES ('Onions');
INSERT INTO products (product_name) VALUES ('Garlic');
INSERT INTO products (product_name) VALUES ('Sugar Cane');
INSERT INTO products (product_name) VALUES ('Sugarcane');
INSERT INTO products (product_name) VALUES ('Coffee');
INSERT INTO products (product_name) VALUES ('Tea');
INSERT INTO products (product_name) VALUES ('Cocoa');
INSERT INTO products (product_name) VALUES ('Mangoes');
INSERT INTO products (product_name) VALUES ('Pineapples');
INSERT INTO products (product_name) VALUES ('Papayas');
INSERT INTO products (product_name) VALUES ('Coconuts');
INSERT INTO products (product_name) VALUES ('Peanuts');
INSERT INTO products (product_name) VALUES ('Almonds');
INSERT INTO products (product_name) VALUES ('Walnuts');
INSERT INTO products (product_name) VALUES ('Pecans');
INSERT INTO products (product_name) VALUES ('Cashews');
INSERT INTO products (product_name) VALUES ('Hazelnuts');
INSERT INTO products (product_name) VALUES ('Pistachios');
INSERT INTO products (product_name) VALUES ('Macadamia Nuts');
INSERT INTO products (product_name) VALUES ('Sunflowers');
INSERT INTO products (product_name) VALUES ('Safflower');
INSERT INTO products (product_name) VALUES ('Flax');
INSERT INTO products (product_name) VALUES ('Rapeseed');
INSERT INTO products (product_name) VALUES ('Cottonseed');
INSERT INTO products (product_name) VALUES ('Sesame');
INSERT INTO products (product_name) VALUES ('Peas');
INSERT INTO products (product_name) VALUES ('Lentils');
INSERT INTO products (product_name) VALUES ('Chickpeas');
INSERT INTO products (product_name) VALUES ('Kidney Beans');
INSERT INTO products (product_name) VALUES ('Black Beans');
INSERT INTO products (product_name) VALUES ('Pinto Beans');
INSERT INTO products (product_name) VALUES ('Lima Beans');
INSERT INTO products (product_name) VALUES ('Green Beans');
INSERT INTO products (product_name) VALUES ('Cranberries');
INSERT INTO products (product_name) VALUES ('Raspberries');
INSERT INTO products (product_name) VALUES ('Blackberries');
INSERT INTO products (product_name) VALUES ('Cherries');
INSERT INTO products (product_name) VALUES ('Avocados');
INSERT INTO products (product_name) VALUES ('Eggplant');
INSERT INTO products (product_name) VALUES ('Zucchini');
INSERT INTO products (product_name) VALUES ('Pumpkins');
INSERT INTO products (product_name) VALUES ('Squash');
INSERT INTO products (product_name) VALUES ('Okra');
INSERT INTO products (product_name) VALUES ('Artichokes');
INSERT INTO products (product_name) VALUES ('Asparagus');
INSERT INTO products (product_name) VALUES ('Cauliflower');
INSERT INTO products (product_name) VALUES ('Celery');
INSERT INTO products (product_name) VALUES ('Radishes');
INSERT INTO products (product_name) VALUES ('Beets');
INSERT INTO products (product_name) VALUES ('Turnips');
INSERT INTO products (product_name) VALUES ('Kiwifruit');
INSERT INTO products (product_name) VALUES ('Honeydew Melon');
INSERT INTO products (product_name) VALUES ('Cantaloupe');
INSERT INTO products (product_name) VALUES ('Apricots');
INSERT INTO products (product_name) VALUES ('Nectarines');
INSERT INTO products (product_name) VALUES ('Plums');
INSERT INTO products (product_name) VALUES ('Dates');
INSERT INTO products (product_name) VALUES ('Figs');
INSERT INTO products (product_name) VALUES ('Ginger');
INSERT INTO products (product_name) VALUES ('Turmeric');
INSERT INTO products (product_name) VALUES ('Vanilla');
INSERT INTO products (product_name) VALUES ('Quinoa');
INSERT INTO products (product_name) VALUES ('Amaranth');
INSERT INTO products (product_name) VALUES ('Chia Seeds');
INSERT INTO products (product_name) VALUES ('Hemp');
INSERT INTO products (product_name) VALUES ('Rhubarb');
INSERT INTO products (product_name) VALUES ('Guava');
INSERT INTO products (product_name) VALUES ('Lychee');
INSERT INTO products (product_name) VALUES ('Passion Fruit');
INSERT INTO products (product_name) VALUES ('Durian');
INSERT INTO products (product_name) VALUES ('Jackfruit');
INSERT INTO products (product_name) VALUES ('Cassava');
INSERT INTO products (product_name) VALUES ('Taro');
INSERT INTO products (product_name) VALUES ('Bamboo Shoots');
INSERT INTO products (product_name) VALUES ('Bok Choy');
INSERT INTO products (product_name) VALUES ('Choy Sum');
INSERT INTO products (product_name) VALUES ('Watercress');
INSERT INTO products (product_name) VALUES ('Jicama');
INSERT INTO products (product_name) VALUES ('Nopales');
INSERT INTO products (product_name) VALUES ('Spirulina');
INSERT INTO products (product_name) VALUES ('Kelp');
INSERT INTO products (product_name) VALUES ('Dulse');
INSERT INTO products (product_name) VALUES ('Seaweed');
INSERT INTO products (product_name) VALUES ('Mushrooms');
INSERT INTO products (product_name) VALUES ('Truffles');
INSERT INTO users (user_id, user_type, user_password) VALUES ('alice.smith@example.com', 'Distributor', 'password');
INSERT INTO distributors (distributor_id, distributor_name, distributor_phone, distributor_state, distributor_zipcode)
VALUES('alice.smith@example.com', 'Alice Smith','997-214-3127', 'Tennessee', '24250');
INSERT INTO users (user_id, user_type, user_password) VALUES ('bob.johnson@example.com', 'Farmer', 'password');
INSERT INTO farmers (farmer_id, farmer_name, farmer_phone, farmer_state, farmer_zipcode)
VALUES('bob.johnson@example.com', 'Bob Johnson','098-087-9014', 'Kansas', '71334');
INSERT INTO users (user_id, user_type, user_password) VALUES ('catherine.brown@example.com', 'Distributor', 'password');
INSERT INTO distributors (distributor_id, distributor_name, distributor_phone, distributor_state, distributor_zipcode)
VALUES('catherine.brown@example.com', 'Catherine Brown','175-138-9534', 'Ohio', '58932');
INSERT INTO users (user_id, user_type, user_password) VALUES ('david.davis@example.com', 'Farmer', 'password');
INSERT INTO farmers (farmer_id, farmer_name, farmer_phone, farmer_state, farmer_zipcode)
VALUES('david.davis@example.com', 'David Davis','215-828-0946', 'Wisconsin', '69604');
INSERT INTO users (user_id, user_type, user_password) VALUES ('emily.wilson@example.com', 'Distributor', 'password');
INSERT INTO distributors (distributor_id, distributor_name, distributor_phone, distributor_state, distributor_zipcode)
VALUES('emily.wilson@example.com', 'Emily Wilson','000-478-2513', 'Wyoming', '70361');
INSERT INTO users (user_id, user_type, user_password) VALUES ('frank.miller@example.com', 'Distributor', 'password');
INSERT INTO distributors (distributor_id, distributor_name, distributor_phone, distributor_state, distributor_zipcode)
VALUES('frank.miller@example.com', 'Frank Miller','437-004-9255', 'Montana', '65734');
INSERT INTO users (user_id, user_type, user_password) VALUES ('grace.taylor@example.com', 'Distributor', 'password');
INSERT INTO distributors (distributor_id, distributor_name, distributor_phone, distributor_state, distributor_zipcode)
VALUES('grace.taylor@example.com', 'Grace Taylor','859-731-4076', 'Maine', '19834');
INSERT INTO users (user_id, user_type, user_password) VALUES ('henry.anderson@example.com', 'Distributor', 'password');
INSERT INTO distributors (distributor_id, distributor_name, distributor_phone, distributor_state, distributor_zipcode)
VALUES('henry.anderson@example.com', 'Henry Anderson','392-601-3662', 'Nevada', '73129');
INSERT INTO users (user_id, user_type, user_password) VALUES ('irene.martin@example.com', 'Distributor', 'password');
INSERT INTO distributors (distributor_id, distributor_name, distributor_phone, distributor_state, distributor_zipcode)
VALUES('irene.martin@example.com', 'Irene Martin','378-104-3209', 'Wisconsin', '00477');
INSERT INTO users (user_id, user_type, user_password) VALUES ('james.thompson@example.com', 'Distributor', 'password');
INSERT INTO distributors (distributor_id, distributor_name, distributor_phone, distributor_state, distributor_zipcode)
VALUES('james.thompson@example.com', 'James Thompson','439-425-6072', 'Indiana', '64109');
INSERT INTO users (user_id, user_type, user_password) VALUES ('katherine.harris@example.com', 'Distributor', 'password');
INSERT INTO distributors (distributor_id, distributor_name, distributor_phone, distributor_state, distributor_zipcode)
VALUES('katherine.harris@example.com', 'Katherine Harris','974-542-0613', 'West Virginia', '97445');
INSERT INTO users (user_id, user_type, user_password) VALUES ('liam.clark@example.com', 'Distributor', 'password');
INSERT INTO distributors (distributor_id, distributor_name, distributor_phone, distributor_state, distributor_zipcode)
VALUES('liam.clark@example.com', 'Liam Clark','286-111-0942', 'New Mexico', '94896');
INSERT INTO users (user_id, user_type, user_password) VALUES ('megan.lewis@example.com', 'Farmer', 'password');
INSERT INTO farmers (farmer_id, farmer_name, farmer_phone, farmer_state, farmer_zipcode)
VALUES('megan.lewis@example.com', 'Megan Lewis','961-208-4102', 'Colorado', '05481');
INSERT INTO users (user_id, user_type, user_password) VALUES ('nathan.young@example.com', 'Farmer', 'password');
INSERT INTO farmers (farmer_id, farmer_name, farmer_phone, farmer_state, farmer_zipcode)
VALUES('nathan.young@example.com', 'Nathan Young','305-686-0051', 'Ohio', '98885');
INSERT INTO users (user_id, user_type, user_password) VALUES ('olivia.walker@example.com', 'Distributor', 'password');
INSERT INTO distributors (distributor_id, distributor_name, distributor_phone, distributor_state, distributor_zipcode)
VALUES('olivia.walker@example.com', 'Olivia Walker','296-110-1508', 'North Carolina', '71866');
INSERT INTO users (user_id, user_type, user_password) VALUES ('patrick.hall@example.com', 'Distributor', 'password');
INSERT INTO distributors (distributor_id, distributor_name, distributor_phone, distributor_state, distributor_zipcode)
VALUES('patrick.hall@example.com', 'Patrick Hall','303-471-7974', 'Indiana', '52393');
INSERT INTO users (user_id, user_type, user_password) VALUES ('quincy.white@example.com', 'Farmer', 'password');
INSERT INTO farmers (farmer_id, farmer_name, farmer_phone, farmer_state, farmer_zipcode)
VALUES('quincy.white@example.com', 'Quincy White','255-722-6864', 'Vermont', '42626');
INSERT INTO users (user_id, user_type, user_password) VALUES ('rachel.jackson@example.com', 'Distributor', 'password');
INSERT INTO distributors (distributor_id, distributor_name, distributor_phone, distributor_state, distributor_zipcode)
VALUES('rachel.jackson@example.com', 'Rachel Jackson','195-104-4225', 'South Dakota', '67709');
INSERT INTO users (user_id, user_type, user_password) VALUES ('samuel.moore@example.com', 'Customer', 'password');
INSERT INTO customers (customer_id, customer_name, customer_phone, customer_state, customer_zipcode)
VALUES('samuel.moore@example.com', 'Samuel Moore','893-792-4536', 'Georgia', '95498');
INSERT INTO users (user_id, user_type, user_password) VALUES ('taylor.perez@example.com', 'Farmer', 'password');
INSERT INTO farmers (farmer_id, farmer_name, farmer_phone, farmer_state, farmer_zipcode)
VALUES('taylor.perez@example.com', 'Taylor Perez','288-787-9114', 'Idaho', '13320');
INSERT INTO users (user_id, user_type, user_password) VALUES ('ursula.garcia@example.com', 'Farmer', 'password');
INSERT INTO farmers (farmer_id, farmer_name, farmer_phone, farmer_state, farmer_zipcode)
VALUES('ursula.garcia@example.com', 'Ursula Garcia','355-262-5910', 'Wisconsin', '92161');
INSERT INTO users (user_id, user_type, user_password) VALUES ('vincent.scott@example.com', 'Customer', 'password');
INSERT INTO customers (customer_id, customer_name, customer_phone, customer_state, customer_zipcode)
VALUES('vincent.scott@example.com', 'Vincent Scott','706-479-9791', 'Washington', '12814');
INSERT INTO users (user_id, user_type, user_password) VALUES ('wendy.adams@example.com', 'Farmer', 'password');
INSERT INTO farmers (farmer_id, farmer_name, farmer_phone, farmer_state, farmer_zipcode)
VALUES('wendy.adams@example.com', 'Wendy Adams','461-225-1637', 'Alaska', '09581');
INSERT INTO users (user_id, user_type, user_password) VALUES ('xavier.mitchell@example.com', 'Customer', 'password');
INSERT INTO customers (customer_id, customer_name, customer_phone, customer_state, customer_zipcode)
VALUES('xavier.mitchell@example.com', 'Xavier Mitchell','507-587-1432', 'Oregon', '06607');
INSERT INTO users (user_id, user_type, user_password) VALUES ('yasmine.green@example.com', 'Farmer', 'password');
INSERT INTO farmers (farmer_id, farmer_name, farmer_phone, farmer_state, farmer_zipcode)
VALUES('yasmine.green@example.com', 'Yasmine Green','901-025-1274', 'Oklahoma', '70525');
INSERT INTO users (user_id, user_type, user_password) VALUES ('zachary.king@example.com', 'Distributor', 'password');
INSERT INTO distributors (distributor_id, distributor_name, distributor_phone, distributor_state, distributor_zipcode)
VALUES('zachary.king@example.com', 'Zachary King','847-470-6077', 'South Carolina', '89043');
INSERT INTO users (user_id, user_type, user_password) VALUES ('abigail.wright@example.com', 'Farmer', 'password');
INSERT INTO farmers (farmer_id, farmer_name, farmer_phone, farmer_state, farmer_zipcode)
VALUES('abigail.wright@example.com', 'Abigail Wright','127-665-2701', 'North Dakota', '25259');
INSERT INTO users (user_id, user_type, user_password) VALUES ('benjamin.carter@example.com', 'Farmer', 'password');
INSERT INTO farmers (farmer_id, farmer_name, farmer_phone, farmer_state, farmer_zipcode)
VALUES('benjamin.carter@example.com', 'Benjamin Carter','488-357-9708', 'West Virginia', '40178');
INSERT INTO users (user_id, user_type, user_password) VALUES ('charlotte.robinson@example.com', 'Farmer', 'password');
INSERT INTO farmers (farmer_id, farmer_name, farmer_phone, farmer_state, farmer_zipcode)
VALUES('charlotte.robinson@example.com', 'Charlotte Robinson','507-025-8859', 'Oklahoma', '45189');
INSERT INTO users (user_id, user_type, user_password) VALUES ('daniel.turner@example.com', 'Farmer', 'password');
INSERT INTO farmers (farmer_id, farmer_name, farmer_phone, farmer_state, farmer_zipcode)
VALUES('daniel.turner@example.com', 'Daniel Turner','286-571-8452', 'California', '15895');
INSERT INTO users (user_id, user_type, user_password) VALUES ('ella.hill@example.com', 'Customer', 'password');
INSERT INTO customers (customer_id, customer_name, customer_phone, customer_state, customer_zipcode)
VALUES('ella.hill@example.com', 'Ella Hill','718-177-6592', 'Montana', '74004');
INSERT INTO users (user_id, user_type, user_password) VALUES ('frederick.gonzalez@example.com', 'Customer', 'password');
INSERT INTO customers (customer_id, customer_name, customer_phone, customer_state, customer_zipcode)
VALUES('frederick.gonzalez@example.com', 'Frederick Gonzalez','985-501-7703', 'Michigan', '42408');
INSERT INTO users (user_id, user_type, user_password) VALUES ('gabrielle.nelson@example.com', 'Farmer', 'password');
INSERT INTO farmers (farmer_id, farmer_name, farmer_phone, farmer_state, farmer_zipcode)
VALUES('gabrielle.nelson@example.com', 'Gabrielle Nelson','829-792-5814', 'Maryland', '30668');
INSERT INTO users (user_id, user_type, user_password) VALUES ('henry.parker@example.com', 'Distributor', 'password');
INSERT INTO distributors (distributor_id, distributor_name, distributor_phone, distributor_state, distributor_zipcode)
VALUES('henry.parker@example.com', 'Henry Parker','619-811-4379', 'South Carolina', '89894');
INSERT INTO users (user_id, user_type, user_password) VALUES ('isabella.murphy@example.com', 'Distributor', 'password');
INSERT INTO distributors (distributor_id, distributor_name, distributor_phone, distributor_state, distributor_zipcode)
VALUES('isabella.murphy@example.com', 'Isabella Murphy','102-632-5291', 'Kansas', '38809');
INSERT INTO users (user_id, user_type, user_password) VALUES ('jacob.edwards@example.com', 'Farmer', 'password');
INSERT INTO farmers (farmer_id, farmer_name, farmer_phone, farmer_state, farmer_zipcode)
VALUES('jacob.edwards@example.com', 'Jacob Edwards','659-873-4087', 'Arizona', '58234');
INSERT INTO users (user_id, user_type, user_password) VALUES ('kaitlyn.stewart@example.com', 'Distributor', 'password');
INSERT INTO distributors (distributor_id, distributor_name, distributor_phone, distributor_state, distributor_zipcode)
VALUES('kaitlyn.stewart@example.com', 'Kaitlyn Stewart','019-245-1877', 'Massachusetts', '63274');
INSERT INTO users (user_id, user_type, user_password) VALUES ('liam.rogers@example.com', 'Customer', 'password');
INSERT INTO customers (customer_id, customer_name, customer_phone, customer_state, customer_zipcode)
VALUES('liam.rogers@example.com', 'Liam Rogers','131-834-7691', 'Maryland', '54999');
INSERT INTO users (user_id, user_type, user_password) VALUES ('mia.cook@example.com', 'Customer', 'password');
INSERT INTO customers (customer_id, customer_name, customer_phone, customer_state, customer_zipcode)
VALUES('mia.cook@example.com', 'Mia Cook','785-274-7417', 'Nevada', '80001');
INSERT INTO users (user_id, user_type, user_password) VALUES ('nathan.morris@example.com', 'Farmer', 'password');
INSERT INTO farmers (farmer_id, farmer_name, farmer_phone, farmer_state, farmer_zipcode)
VALUES('nathan.morris@example.com', 'Nathan Morris','536-254-9921', 'Wyoming', '49168');
INSERT INTO users (user_id, user_type, user_password) VALUES ('olivia.sullivan@example.com', 'Customer', 'password');
INSERT INTO customers (customer_id, customer_name, customer_phone, customer_state, customer_zipcode)
VALUES('olivia.sullivan@example.com', 'Olivia Sullivan','243-874-5217', 'Arizona', '37740');
INSERT INTO users (user_id, user_type, user_password) VALUES ('patrick.price@example.com', 'Distributor', 'password');
INSERT INTO distributors (distributor_id, distributor_name, distributor_phone, distributor_state, distributor_zipcode)
VALUES('patrick.price@example.com', 'Patrick Price','062-882-3989', 'Delaware', '72888');
INSERT INTO users (user_id, user_type, user_password) VALUES ('quinn.baker@example.com', 'Distributor', 'password');
INSERT INTO distributors (distributor_id, distributor_name, distributor_phone, distributor_state, distributor_zipcode)
VALUES('quinn.baker@example.com', 'Quinn Baker','690-121-3627', 'Idaho', '31571');
INSERT INTO users (user_id, user_type, user_password) VALUES ('rachel.sanchez@example.com', 'Customer', 'password');
INSERT INTO customers (customer_id, customer_name, customer_phone, customer_state, customer_zipcode)
VALUES('rachel.sanchez@example.com', 'Rachel Sanchez','302-107-8028', 'Idaho', '52452');
INSERT INTO users (user_id, user_type, user_password) VALUES ('samuel.bennett@example.com', 'Farmer', 'password');
INSERT INTO farmers (farmer_id, farmer_name, farmer_phone, farmer_state, farmer_zipcode)
VALUES('samuel.bennett@example.com', 'Samuel Bennett','339-825-0842', 'New Mexico', '59853');
INSERT INTO users (user_id, user_type, user_password) VALUES ('taylor.howard@example.com', 'Farmer', 'password');
INSERT INTO farmers (farmer_id, farmer_name, farmer_phone, farmer_state, farmer_zipcode)
VALUES('taylor.howard@example.com', 'Taylor Howard','018-625-3453', 'Oklahoma', '53030');
INSERT INTO users (user_id, user_type, user_password) VALUES ('ursula.ramirez@example.com', 'Distributor', 'password');
INSERT INTO distributors (distributor_id, distributor_name, distributor_phone, distributor_state, distributor_zipcode)
VALUES('ursula.ramirez@example.com', 'Ursula Ramirez','426-650-9465', 'Delaware', '33411');
INSERT INTO users (user_id, user_type, user_password) VALUES ('vincent.hayes@example.com', 'Distributor', 'password');
INSERT INTO distributors (distributor_id, distributor_name, distributor_phone, distributor_state, distributor_zipcode)
VALUES('vincent.hayes@example.com', 'Vincent Hayes','925-686-9136', 'Kentucky', '61569');
INSERT INTO users (user_id, user_type, user_password) VALUES ('wendy.foster@example.com', 'Distributor', 'password');
INSERT INTO distributors (distributor_id, distributor_name, distributor_phone, distributor_state, distributor_zipcode)
VALUES('wendy.foster@example.com', 'Wendy Foster','961-726-6380', 'Colorado', '43297');
INSERT INTO users (user_id, user_type, user_password) VALUES ('xavier.barnes@example.com', 'Farmer', 'password');
INSERT INTO farmers (farmer_id, farmer_name, farmer_phone, farmer_state, farmer_zipcode)
VALUES('xavier.barnes@example.com', 'Xavier Barnes','374-238-8423', 'Vermont', '16952');
INSERT INTO users (user_id, user_type, user_password) VALUES ('yasmine.long@example.com', 'Farmer', 'password');
INSERT INTO farmers (farmer_id, farmer_name, farmer_phone, farmer_state, farmer_zipcode)
VALUES('yasmine.long@example.com', 'Yasmine Long','395-845-5461', 'New York', '42074');
INSERT INTO users (user_id, user_type, user_password) VALUES ('zachary.coleman@example.com', 'Farmer', 'password');
INSERT INTO farmers (farmer_id, farmer_name, farmer_phone, farmer_state, farmer_zipcode)
VALUES('zachary.coleman@example.com', 'Zachary Coleman','753-267-5408', 'Wyoming', '64234');
INSERT INTO users (user_id, user_type, user_password) VALUES ('abigail.gray@example.com', 'Customer', 'password');
INSERT INTO customers (customer_id, customer_name, customer_phone, customer_state, customer_zipcode)
VALUES('abigail.gray@example.com', 'Abigail Gray','909-844-3812', 'West Virginia', '59093');
INSERT INTO users (user_id, user_type, user_password) VALUES ('benjamin.russell@example.com', 'Customer', 'password');
INSERT INTO customers (customer_id, customer_name, customer_phone, customer_state, customer_zipcode)
VALUES('benjamin.russell@example.com', 'Benjamin Russell','782-439-1387', 'Alaska', '86560');
INSERT INTO users (user_id, user_type, user_password) VALUES ('charlotte.perry@example.com', 'Farmer', 'password');
INSERT INTO farmers (farmer_id, farmer_name, farmer_phone, farmer_state, farmer_zipcode)
VALUES('charlotte.perry@example.com', 'Charlotte Perry','606-880-3083', 'North Dakota', '22272');
INSERT INTO users (user_id, user_type, user_password) VALUES ('daniel.howard@example.com', 'Customer', 'password');
INSERT INTO customers (customer_id, customer_name, customer_phone, customer_state, customer_zipcode)
VALUES('daniel.howard@example.com', 'Daniel Howard','403-852-7393', 'Rhode Island', '14359');
INSERT INTO users (user_id, user_type, user_password) VALUES ('ella.kelly@example.com', 'Distributor', 'password');
INSERT INTO distributors (distributor_id, distributor_name, distributor_phone, distributor_state, distributor_zipcode)
VALUES('ella.kelly@example.com', 'Ella Kelly','441-075-9692', 'Vermont', '94569');
INSERT INTO users (user_id, user_type, user_password) VALUES ('frederick.simmons@example.com', 'Customer', 'password');
INSERT INTO customers (customer_id, customer_name, customer_phone, customer_state, customer_zipcode)
VALUES('frederick.simmons@example.com', 'Frederick Simmons','325-371-7675', 'Arizona', '14374');
INSERT INTO users (user_id, user_type, user_password) VALUES ('gabrielle.brooks@example.com', 'Farmer', 'password');
INSERT INTO farmers (farmer_id, farmer_name, farmer_phone, farmer_state, farmer_zipcode)
VALUES('gabrielle.brooks@example.com', 'Gabrielle Brooks','425-841-5843', 'Florida', '06209');
INSERT INTO users (user_id, user_type, user_password) VALUES ('henry.bryant@example.com', 'Farmer', 'password');
INSERT INTO farmers (farmer_id, farmer_name, farmer_phone, farmer_state, farmer_zipcode)
VALUES('henry.bryant@example.com', 'Henry Bryant','190-279-4340', 'Nevada', '28512');
INSERT INTO users (user_id, user_type, user_password) VALUES ('isabella.wood@example.com', 'Farmer', 'password');
INSERT INTO farmers (farmer_id, farmer_name, farmer_phone, farmer_state, farmer_zipcode)
VALUES('isabella.wood@example.com', 'Isabella Wood','589-577-5152', 'South Carolina', '15127');
INSERT INTO users (user_id, user_type, user_password) VALUES ('jacob.fisher@example.com', 'Customer', 'password');
INSERT INTO customers (customer_id, customer_name, customer_phone, customer_state, customer_zipcode)
VALUES('jacob.fisher@example.com', 'Jacob Fisher','097-694-7938', 'Arizona', '29675');
INSERT INTO users (user_id, user_type, user_password) VALUES ('kaitlyn.evans@example.com', 'Distributor', 'password');
INSERT INTO distributors (distributor_id, distributor_name, distributor_phone, distributor_state, distributor_zipcode)
VALUES('kaitlyn.evans@example.com', 'Kaitlyn Evans','693-991-3064', 'Mississippi', '98660');
INSERT INTO users (user_id, user_type, user_password) VALUES ('liam.bishop@example.com', 'Distributor', 'password');
INSERT INTO distributors (distributor_id, distributor_name, distributor_phone, distributor_state, distributor_zipcode)
VALUES('liam.bishop@example.com', 'Liam Bishop','748-533-6886', 'New Mexico', '03373');
INSERT INTO users (user_id, user_type, user_password) VALUES ('mia.murray@example.com', 'Customer', 'password');
INSERT INTO customers (customer_id, customer_name, customer_phone, customer_state, customer_zipcode)
VALUES('mia.murray@example.com', 'Mia Murray','306-591-2954', 'Arizona', '68896');
INSERT INTO users (user_id, user_type, user_password) VALUES ('nathan.cole@example.com', 'Farmer', 'password');
INSERT INTO farmers (farmer_id, farmer_name, farmer_phone, farmer_state, farmer_zipcode)
VALUES('nathan.cole@example.com', 'Nathan Cole','915-532-8017', 'Michigan', '36363');
INSERT INTO users (user_id, user_type, user_password) VALUES ('olivia.reyes@example.com', 'Farmer', 'password');
INSERT INTO farmers (farmer_id, farmer_name, farmer_phone, farmer_state, farmer_zipcode)
VALUES('olivia.reyes@example.com', 'Olivia Reyes','944-529-3598', 'Virginia', '19563');
INSERT INTO users (user_id, user_type, user_password) VALUES ('patrick.mitchell@example.com', 'Distributor', 'password');
INSERT INTO distributors (distributor_id, distributor_name, distributor_phone, distributor_state, distributor_zipcode)
VALUES('patrick.mitchell@example.com', 'Patrick Mitchell','930-034-0257', 'Alabama', '31138');
INSERT INTO users (user_id, user_type, user_password) VALUES ('quinn.ross@example.com', 'Distributor', 'password');
INSERT INTO distributors (distributor_id, distributor_name, distributor_phone, distributor_state, distributor_zipcode)
VALUES('quinn.ross@example.com', 'Quinn Ross','277-574-3433', 'Illinois', '04732');
INSERT INTO users (user_id, user_type, user_password) VALUES ('rachel.diaz@example.com', 'Distributor', 'password');
INSERT INTO distributors (distributor_id, distributor_name, distributor_phone, distributor_state, distributor_zipcode)
VALUES('rachel.diaz@example.com', 'Rachel Diaz','385-788-0426', 'South Carolina', '47771');
INSERT INTO users (user_id, user_type, user_password) VALUES ('samuel.patterson@example.com', 'Distributor', 'password');
INSERT INTO distributors (distributor_id, distributor_name, distributor_phone, distributor_state, distributor_zipcode)
VALUES('samuel.patterson@example.com', 'Samuel Patterson','836-056-0212', 'Kansas', '50870');
INSERT INTO users (user_id, user_type, user_password) VALUES ('taylor.flores@example.com', 'Distributor', 'password');
INSERT INTO distributors (distributor_id, distributor_name, distributor_phone, distributor_state, distributor_zipcode)
VALUES('taylor.flores@example.com', 'Taylor Flores','517-041-3736', 'Nevada', '46163');
INSERT INTO users (user_id, user_type, user_password) VALUES ('ursula.alexander@example.com', 'Farmer', 'password');
INSERT INTO farmers (farmer_id, farmer_name, farmer_phone, farmer_state, farmer_zipcode)
VALUES('ursula.alexander@example.com', 'Ursula Alexander','558-751-1677', 'New Hampshire', '45620');
INSERT INTO users (user_id, user_type, user_password) VALUES ('vincent.sullivan@example.com', 'Farmer', 'password');
INSERT INTO farmers (farmer_id, farmer_name, farmer_phone, farmer_state, farmer_zipcode)
VALUES('vincent.sullivan@example.com', 'Vincent Sullivan','723-854-6255', 'Arizona', '03157');
INSERT INTO users (user_id, user_type, user_password) VALUES ('wendy.stevens@example.com', 'Distributor', 'password');
INSERT INTO distributors (distributor_id, distributor_name, distributor_phone, distributor_state, distributor_zipcode)
VALUES('wendy.stevens@example.com', 'Wendy Stevens','464-117-9914', 'South Dakota', '97801');
INSERT INTO users (user_id, user_type, user_password) VALUES ('xavier.butler@example.com', 'Farmer', 'password');
INSERT INTO farmers (farmer_id, farmer_name, farmer_phone, farmer_state, farmer_zipcode)
VALUES('xavier.butler@example.com', 'Xavier Butler','353-621-1034', 'Texas', '17541');
INSERT INTO users (user_id, user_type, user_password) VALUES ('yasmine.nguyen@example.com', 'Distributor', 'password');
INSERT INTO distributors (distributor_id, distributor_name, distributor_phone, distributor_state, distributor_zipcode)
VALUES('yasmine.nguyen@example.com', 'Yasmine Nguyen','828-050-5490', 'Colorado', '70028');
INSERT INTO users (user_id, user_type, user_password) VALUES ('zachary.powell@example.com', 'Customer', 'password');
INSERT INTO customers (customer_id, customer_name, customer_phone, customer_state, customer_zipcode)
VALUES('zachary.powell@example.com', 'Zachary Powell','487-967-1869', 'Ohio', '11059');
INSERT INTO users (user_id, user_type, user_password) VALUES ('abigail.simmons@example.com', 'Customer', 'password');
INSERT INTO customers (customer_id, customer_name, customer_phone, customer_state, customer_zipcode)
VALUES('abigail.simmons@example.com', 'Abigail Simmons','178-078-1146', 'Arkansas', '05621');
INSERT INTO users (user_id, user_type, user_password) VALUES ('benjamin.bryant@example.com', 'Customer', 'password');
INSERT INTO customers (customer_id, customer_name, customer_phone, customer_state, customer_zipcode)
VALUES('benjamin.bryant@example.com', 'Benjamin Bryant','789-494-9597', 'Indiana', '65729');
INSERT INTO users (user_id, user_type, user_password) VALUES ('charlotte.roberts@example.com', 'Customer', 'password');
INSERT INTO customers (customer_id, customer_name, customer_phone, customer_state, customer_zipcode)
VALUES('charlotte.roberts@example.com', 'Charlotte Roberts','845-167-2607', 'Florida', '07371');
INSERT INTO users (user_id, user_type, user_password) VALUES ('daniel.morgan@example.com', 'Distributor', 'password');
INSERT INTO distributors (distributor_id, distributor_name, distributor_phone, distributor_state, distributor_zipcode)
VALUES('daniel.morgan@example.com', 'Daniel Morgan','409-797-1195', 'Maryland', '17889');
INSERT INTO users (user_id, user_type, user_password) VALUES ('ella.woodward@example.com', 'Distributor', 'password');
INSERT INTO distributors (distributor_id, distributor_name, distributor_phone, distributor_state, distributor_zipcode)
VALUES('ella.woodward@example.com', 'Ella Woodward','414-852-5675', 'Oklahoma', '92288');
INSERT INTO users (user_id, user_type, user_password) VALUES ('frederick.henderson@example.com', 'Distributor', 'password');
INSERT INTO distributors (distributor_id, distributor_name, distributor_phone, distributor_state, distributor_zipcode)
VALUES('frederick.henderson@example.com', 'Frederick Henderson','838-478-4539', 'Wisconsin', '82695');
INSERT INTO users (user_id, user_type, user_password) VALUES ('gabrielle.gardner@example.com', 'Distributor', 'password');
INSERT INTO distributors (distributor_id, distributor_name, distributor_phone, distributor_state, distributor_zipcode)
VALUES('gabrielle.gardner@example.com', 'Gabrielle Gardner','439-409-2359', 'Montana', '75414');
INSERT INTO users (user_id, user_type, user_password) VALUES ('henry.bennett@example.com', 'Distributor', 'password');
INSERT INTO distributors (distributor_id, distributor_name, distributor_phone, distributor_state, distributor_zipcode)
VALUES('henry.bennett@example.com', 'Henry Bennett','329-571-2720', 'West Virginia', '21802');
INSERT INTO users (user_id, user_type, user_password) VALUES ('isabella.richardson@example.com', 'Distributor', 'password');
INSERT INTO distributors (distributor_id, distributor_name, distributor_phone, distributor_state, distributor_zipcode)
VALUES('isabella.richardson@example.com', 'Isabella Richardson','925-524-0501', 'Nevada', '55898');
INSERT INTO users (user_id, user_type, user_password) VALUES ('jacob.cruz@example.com', 'Farmer', 'password');
INSERT INTO farmers (farmer_id, farmer_name, farmer_phone, farmer_state, farmer_zipcode)
VALUES('jacob.cruz@example.com', 'Jacob Cruz','096-127-5745', 'Minnesota', '16435');
INSERT INTO users (user_id, user_type, user_password) VALUES ('kaitlyn.ward@example.com', 'Distributor', 'password');
INSERT INTO distributors (distributor_id, distributor_name, distributor_phone, distributor_state, distributor_zipcode)
VALUES('kaitlyn.ward@example.com', 'Kaitlyn Ward','965-851-3763', 'Iowa', '21747');
INSERT INTO users (user_id, user_type, user_password) VALUES ('liam.bailey@example.com', 'Farmer', 'password');
INSERT INTO farmers (farmer_id, farmer_name, farmer_phone, farmer_state, farmer_zipcode)
VALUES('liam.bailey@example.com', 'Liam Bailey','141-731-5676', 'Florida', '14683');
INSERT INTO users (user_id, user_type, user_password) VALUES ('mia.simmons@example.com', 'Farmer', 'password');
INSERT INTO farmers (farmer_id, farmer_name, farmer_phone, farmer_state, farmer_zipcode)
VALUES('mia.simmons@example.com', 'Mia Simmons','087-410-6560', 'Wisconsin', '44217');
INSERT INTO users (user_id, user_type, user_password) VALUES ('nathan.harper@example.com', 'Customer', 'password');
INSERT INTO customers (customer_id, customer_name, customer_phone, customer_state, customer_zipcode)
VALUES('nathan.harper@example.com', 'Nathan Harper','415-457-2909', 'Wisconsin', '58260');
INSERT INTO users (user_id, user_type, user_password) VALUES ('olivia.morris@example.com', 'Farmer', 'password');
INSERT INTO farmers (farmer_id, farmer_name, farmer_phone, farmer_state, farmer_zipcode)
VALUES('olivia.morris@example.com', 'Olivia Morris','763-570-1030', 'Minnesota', '96807');
INSERT INTO users (user_id, user_type, user_password) VALUES ('patrick.mason@example.com', 'Distributor', 'password');
INSERT INTO distributors (distributor_id, distributor_name, distributor_phone, distributor_state, distributor_zipcode)
VALUES('patrick.mason@example.com', 'Patrick Mason','148-942-7025', 'Massachusetts', '83343');
INSERT INTO users (user_id, user_type, user_password) VALUES ('quinn.lopez@example.com', 'Distributor', 'password');
INSERT INTO distributors (distributor_id, distributor_name, distributor_phone, distributor_state, distributor_zipcode)
VALUES('quinn.lopez@example.com', 'Quinn Lopez','698-517-8576', 'Vermont', '92027');
INSERT INTO users (user_id, user_type, user_password) VALUES ('rachel.powell@example.com', 'Distributor', 'password');
INSERT INTO distributors (distributor_id, distributor_name, distributor_phone, distributor_state, distributor_zipcode)
VALUES('rachel.powell@example.com', 'Rachel Powell','941-237-7301', 'Tennessee', '13285');
INSERT INTO users (user_id, user_type, user_password) VALUES ('samuel.bell@example.com', 'Customer', 'password');
INSERT INTO customers (customer_id, customer_name, customer_phone, customer_state, customer_zipcode)
VALUES('samuel.bell@example.com', 'Samuel Bell','072-196-3410', 'Kansas', '08192');
INSERT INTO users (user_id, user_type, user_password) VALUES ('taylor.gonzalez@example.com', 'Customer', 'password');
INSERT INTO customers (customer_id, customer_name, customer_phone, customer_state, customer_zipcode)
VALUES('taylor.gonzalez@example.com', 'Taylor Gonzalez','389-365-2288', 'Alabama', '87487');
INSERT INTO users (user_id, user_type, user_password) VALUES ('ursula.smith@example.com', 'Distributor', 'password');
INSERT INTO distributors (distributor_id, distributor_name, distributor_phone, distributor_state, distributor_zipcode)
VALUES('ursula.smith@example.com', 'Ursula Smith','685-474-3934', 'Louisiana', '41623');
INSERT INTO users (user_id, user_type, user_password) VALUES ('vincent.torres@example.com', 'Distributor', 'password');
INSERT INTO distributors (distributor_id, distributor_name, distributor_phone, distributor_state, distributor_zipcode)
VALUES('vincent.torres@example.com', 'Vincent Torres','608-671-6239', 'Nevada', '67929');
INSERT INTO users (user_id, user_type, user_password) VALUES ('wendy.williams@example.com', 'Farmer', 'password');
INSERT INTO farmers (farmer_id, farmer_name, farmer_phone, farmer_state, farmer_zipcode)
VALUES('wendy.williams@example.com', 'Wendy Williams','938-563-7830', 'New Hampshire', '12843');
INSERT INTO users (user_id, user_type, user_password) VALUES ('xavier.collins@example.com', 'Farmer', 'password');
INSERT INTO farmers (farmer_id, farmer_name, farmer_phone, farmer_state, farmer_zipcode)
VALUES('xavier.collins@example.com', 'Xavier Collins','949-541-7987', 'Minnesota', '56478');
INSERT INTO users (user_id, user_type, user_password) VALUES ('yasmine.stewart@example.com', 'Farmer', 'password');
INSERT INTO farmers (farmer_id, farmer_name, farmer_phone, farmer_state, farmer_zipcode)
VALUES('yasmine.stewart@example.com', 'Yasmine Stewart','087-409-8495', 'Mississippi', '87867');
INSERT INTO users (user_id, user_type, user_password) VALUES ('zachary.parker@example.com', 'Customer', 'password');
INSERT INTO customers (customer_id, customer_name, customer_phone, customer_state, customer_zipcode)
VALUES('zachary.parker@example.com', 'Zachary Parker','196-391-5390', 'Virginia', '98326');
INSERT INTO users (user_id, user_type, user_password) VALUES ('abigail.lewis@example.com', 'Customer', 'password');
INSERT INTO customers (customer_id, customer_name, customer_phone, customer_state, customer_zipcode)
VALUES('abigail.lewis@example.com', 'Abigail Lewis','791-707-8358', 'Florida', '32461');
INSERT INTO users (user_id, user_type, user_password) VALUES ('benjamin.hall@example.com', 'Distributor', 'password');
INSERT INTO distributors (distributor_id, distributor_name, distributor_phone, distributor_state, distributor_zipcode)
VALUES('benjamin.hall@example.com', 'Benjamin Hall','786-676-9926', 'Colorado', '81964');
INSERT INTO users (user_id, user_type, user_password) VALUES ('charlotte.white@example.com', 'Farmer', 'password');
INSERT INTO farmers (farmer_id, farmer_name, farmer_phone, farmer_state, farmer_zipcode)
VALUES('charlotte.white@example.com', 'Charlotte White','824-989-4894', 'Oregon', '34023');
INSERT INTO users (user_id, user_type, user_password) VALUES ('daniel.johnson@example.com', 'Distributor', 'password');
INSERT INTO distributors (distributor_id, distributor_name, distributor_phone, distributor_state, distributor_zipcode)
VALUES('daniel.johnson@example.com', 'Daniel Johnson','547-970-2768', 'Wisconsin', '79268');
INSERT INTO users (user_id, user_type, user_password) VALUES ('ella.davis@example.com', 'Farmer', 'password');
INSERT INTO farmers (farmer_id, farmer_name, farmer_phone, farmer_state, farmer_zipcode)
VALUES('ella.davis@example.com', 'Ella Davis','807-596-8797', 'Wisconsin', '06529');
INSERT INTO users (user_id, user_type, user_password) VALUES ('frederick.anderson@example.com', 'Distributor', 'password');
INSERT INTO distributors (distributor_id, distributor_name, distributor_phone, distributor_state, distributor_zipcode)
VALUES('frederick.anderson@example.com', 'Frederick Anderson','871-800-4627', 'Oklahoma', '91644');
INSERT INTO users (user_id, user_type, user_password) VALUES ('gabrielle.martin@example.com', 'Customer', 'password');
INSERT INTO customers (customer_id, customer_name, customer_phone, customer_state, customer_zipcode)
VALUES('gabrielle.martin@example.com', 'Gabrielle Martin','170-012-7194', 'Colorado', '21794');
INSERT INTO users (user_id, user_type, user_password) VALUES ('henry.thompson@example.com', 'Farmer', 'password');
INSERT INTO farmers (farmer_id, farmer_name, farmer_phone, farmer_state, farmer_zipcode)
VALUES('henry.thompson@example.com', 'Henry Thompson','026-341-7080', 'Alaska', '42017');
INSERT INTO users (user_id, user_type, user_password) VALUES ('isabella.harris@example.com', 'Distributor', 'password');
INSERT INTO distributors (distributor_id, distributor_name, distributor_phone, distributor_state, distributor_zipcode)
VALUES('isabella.harris@example.com', 'Isabella Harris','411-439-6576', 'Alaska', '60033');
INSERT INTO users (user_id, user_type, user_password) VALUES ('jacob.clark@example.com', 'Distributor', 'password');
INSERT INTO distributors (distributor_id, distributor_name, distributor_phone, distributor_state, distributor_zipcode)
VALUES('jacob.clark@example.com', 'Jacob Clark','359-830-8726', 'Colorado', '39755');
INSERT INTO users (user_id, user_type, user_password) VALUES ('kaitlyn.lewis@example.com', 'Farmer', 'password');
INSERT INTO farmers (farmer_id, farmer_name, farmer_phone, farmer_state, farmer_zipcode)
VALUES('kaitlyn.lewis@example.com', 'Kaitlyn Lewis','779-293-5285', 'Colorado', '90210');
INSERT INTO users (user_id, user_type, user_password) VALUES ('liam.young@example.com', 'Distributor', 'password');
INSERT INTO distributors (distributor_id, distributor_name, distributor_phone, distributor_state, distributor_zipcode)
VALUES('liam.young@example.com', 'Liam Young','146-225-2498', 'Illinois', '74208');
INSERT INTO users (user_id, user_type, user_password) VALUES ('mia.walker@example.com', 'Farmer', 'password');
INSERT INTO farmers (farmer_id, farmer_name, farmer_phone, farmer_state, farmer_zipcode)
VALUES('mia.walker@example.com', 'Mia Walker','199-276-7577', 'Nevada', '14937');
INSERT INTO users (user_id, user_type, user_password) VALUES ('nathan.garcia@example.com', 'Customer', 'password');
INSERT INTO customers (customer_id, customer_name, customer_phone, customer_state, customer_zipcode)
VALUES('nathan.garcia@example.com', 'Nathan Garcia','722-551-8943', 'Indiana', '76216');
INSERT INTO users (user_id, user_type, user_password) VALUES ('olivia.scott@example.com', 'Distributor', 'password');
INSERT INTO distributors (distributor_id, distributor_name, distributor_phone, distributor_state, distributor_zipcode)
VALUES('olivia.scott@example.com', 'Olivia Scott','453-488-2325', 'Tennessee', '18190');
INSERT INTO users (user_id, user_type, user_password) VALUES ('patrick.adams@example.com', 'Farmer', 'password');
INSERT INTO farmers (farmer_id, farmer_name, farmer_phone, farmer_state, farmer_zipcode)
VALUES('patrick.adams@example.com', 'Patrick Adams','177-134-2691', 'Hawaii', '31769');
INSERT INTO users (user_id, user_type, user_password) VALUES ('quinn.mitchell@example.com', 'Farmer', 'password');
INSERT INTO farmers (farmer_id, farmer_name, farmer_phone, farmer_state, farmer_zipcode)
VALUES('quinn.mitchell@example.com', 'Quinn Mitchell','742-426-5418', 'Texas', '93977');
INSERT INTO users (user_id, user_type, user_password) VALUES ('rachel.perez@example.com', 'Customer', 'password');
INSERT INTO customers (customer_id, customer_name, customer_phone, customer_state, customer_zipcode)
VALUES('rachel.perez@example.com', 'Rachel Perez','724-137-8476', 'Hawaii', '30516');
INSERT INTO users (user_id, user_type, user_password) VALUES ('samuel.hayes@example.com', 'Distributor', 'password');
INSERT INTO distributors (distributor_id, distributor_name, distributor_phone, distributor_state, distributor_zipcode)
VALUES('samuel.hayes@example.com', 'Samuel Hayes','992-902-0198', 'Illinois', '33451');
INSERT INTO users (user_id, user_type, user_password) VALUES ('taylor.foster@example.com', 'Customer', 'password');
INSERT INTO customers (customer_id, customer_name, customer_phone, customer_state, customer_zipcode)
VALUES('taylor.foster@example.com', 'Taylor Foster','371-928-9218', 'Illinois', '73331');
INSERT INTO users (user_id, user_type, user_password) VALUES ('ursula.barnes@example.com', 'Distributor', 'password');
INSERT INTO distributors (distributor_id, distributor_name, distributor_phone, distributor_state, distributor_zipcode)
VALUES('ursula.barnes@example.com', 'Ursula Barnes','434-404-2083', 'North Dakota', '26260');
INSERT INTO users (user_id, user_type, user_password) VALUES ('vincent.long@example.com', 'Distributor', 'password');
INSERT INTO distributors (distributor_id, distributor_name, distributor_phone, distributor_state, distributor_zipcode)
VALUES('vincent.long@example.com', 'Vincent Long','237-514-4716', 'Virginia', '26557');
INSERT INTO users (user_id, user_type, user_password) VALUES ('wendy.coleman@example.com', 'Customer', 'password');
INSERT INTO customers (customer_id, customer_name, customer_phone, customer_state, customer_zipcode)
VALUES('wendy.coleman@example.com', 'Wendy Coleman','490-432-5162', 'Delaware', '38274');
INSERT INTO users (user_id, user_type, user_password) VALUES ('xavier.gray@example.com', 'Distributor', 'password');
INSERT INTO distributors (distributor_id, distributor_name, distributor_phone, distributor_state, distributor_zipcode)
VALUES('xavier.gray@example.com', 'Xavier Gray','725-933-1127', 'Minnesota', '21650');
INSERT INTO users (user_id, user_type, user_password) VALUES ('yasmine.king@example.com', 'Distributor', 'password');
INSERT INTO distributors (distributor_id, distributor_name, distributor_phone, distributor_state, distributor_zipcode)
VALUES('yasmine.king@example.com', 'Yasmine King','621-324-1297', 'Arkansas', '34914');
INSERT INTO users (user_id, user_type, user_password) VALUES ('zachary.wright@example.com', 'Distributor', 'password');
INSERT INTO distributors (distributor_id, distributor_name, distributor_phone, distributor_state, distributor_zipcode)
VALUES('zachary.wright@example.com', 'Zachary Wright','589-187-6830', 'Mississippi', '68700');
INSERT INTO users (user_id, user_type, user_password) VALUES ('abigail.carter@example.com', 'Distributor', 'password');
INSERT INTO distributors (distributor_id, distributor_name, distributor_phone, distributor_state, distributor_zipcode)
VALUES('abigail.carter@example.com', 'Abigail Carter','395-510-8368', 'Delaware', '49322');
INSERT INTO users (user_id, user_type, user_password) VALUES ('benjamin.robinson@example.com', 'Distributor', 'password');
INSERT INTO distributors (distributor_id, distributor_name, distributor_phone, distributor_state, distributor_zipcode)
VALUES('benjamin.robinson@example.com', 'Benjamin Robinson','062-763-3295', 'Georgia', '76297');
INSERT INTO users (user_id, user_type, user_password) VALUES ('charlotte.turner@example.com', 'Distributor', 'password');
INSERT INTO distributors (distributor_id, distributor_name, distributor_phone, distributor_state, distributor_zipcode)
VALUES('charlotte.turner@example.com', 'Charlotte Turner','519-087-1503', 'Arizona', '33729');
INSERT INTO users (user_id, user_type, user_password) VALUES ('daniel.hill@example.com', 'Distributor', 'password');
INSERT INTO distributors (distributor_id, distributor_name, distributor_phone, distributor_state, distributor_zipcode)
VALUES('daniel.hill@example.com', 'Daniel Hill','305-410-1235', 'Ohio', '68543');
INSERT INTO users (user_id, user_type, user_password) VALUES ('ella.gonzalez@example.com', 'Distributor', 'password');
INSERT INTO distributors (distributor_id, distributor_name, distributor_phone, distributor_state, distributor_zipcode)
VALUES('ella.gonzalez@example.com', 'Ella Gonzalez','894-923-8059', 'Alabama', '73422');
INSERT INTO users (user_id, user_type, user_password) VALUES ('frederick.nelson@example.com', 'Distributor', 'password');
INSERT INTO distributors (distributor_id, distributor_name, distributor_phone, distributor_state, distributor_zipcode)
VALUES('frederick.nelson@example.com', 'Frederick Nelson','034-224-0191', 'New York', '69637');
INSERT INTO users (user_id, user_type, user_password) VALUES ('gabrielle.parker@example.com', 'Customer', 'password');
INSERT INTO customers (customer_id, customer_name, customer_phone, customer_state, customer_zipcode)
VALUES('gabrielle.parker@example.com', 'Gabrielle Parker','067-834-8614', 'Kansas', '05137');
INSERT INTO users (user_id, user_type, user_password) VALUES ('henry.murphy@example.com', 'Farmer', 'password');
INSERT INTO farmers (farmer_id, farmer_name, farmer_phone, farmer_state, farmer_zipcode)
VALUES('henry.murphy@example.com', 'Henry Murphy','925-282-7974', 'New Mexico', '05367');
INSERT INTO users (user_id, user_type, user_password) VALUES ('isabella.edwards@example.com', 'Farmer', 'password');
INSERT INTO farmers (farmer_id, farmer_name, farmer_phone, farmer_state, farmer_zipcode)
VALUES('isabella.edwards@example.com', 'Isabella Edwards','952-486-4358', 'Maryland', '87245');
INSERT INTO users (user_id, user_type, user_password) VALUES ('jacob.stewart@example.com', 'Farmer', 'password');
INSERT INTO farmers (farmer_id, farmer_name, farmer_phone, farmer_state, farmer_zipcode)
VALUES('jacob.stewart@example.com', 'Jacob Stewart','950-458-7917', 'Georgia', '51953');
INSERT INTO users (user_id, user_type, user_password) VALUES ('kaitlyn.rogers@example.com', 'Customer', 'password');
INSERT INTO customers (customer_id, customer_name, customer_phone, customer_state, customer_zipcode)
VALUES('kaitlyn.rogers@example.com', 'Kaitlyn Rogers','020-621-6483', 'Indiana', '27540');
INSERT INTO users (user_id, user_type, user_password) VALUES ('liam.cook@example.com', 'Distributor', 'password');
INSERT INTO distributors (distributor_id, distributor_name, distributor_phone, distributor_state, distributor_zipcode)
VALUES('liam.cook@example.com', 'Liam Cook','503-246-7163', 'Arkansas', '02423');
INSERT INTO users (user_id, user_type, user_password) VALUES ('mia.morris@example.com', 'Customer', 'password');
INSERT INTO customers (customer_id, customer_name, customer_phone, customer_state, customer_zipcode)
VALUES('mia.morris@example.com', 'Mia Morris','325-893-0595', 'West Virginia', '70337');
INSERT INTO users (user_id, user_type, user_password) VALUES ('nathan.young@example.com', 'Customer', 'password');
INSERT INTO customers (customer_id, customer_name, customer_phone, customer_state, customer_zipcode)
VALUES('nathan.young@example.com', 'Nathan Young','642-890-6482', 'Florida', '17733');
INSERT INTO users (user_id, user_type, user_password) VALUES ('olivia.sullivan@example.com', 'Distributor', 'password');
INSERT INTO distributors (distributor_id, distributor_name, distributor_phone, distributor_state, distributor_zipcode)
VALUES('olivia.sullivan@example.com', 'Olivia Sullivan','723-688-2935', 'Idaho', '54003');
INSERT INTO users (user_id, user_type, user_password) VALUES ('patrick.price@example.com', 'Distributor', 'password');
INSERT INTO distributors (distributor_id, distributor_name, distributor_phone, distributor_state, distributor_zipcode)
VALUES('patrick.price@example.com', 'Patrick Price','718-159-8493', 'Wisconsin', '39650');
INSERT INTO users (user_id, user_type, user_password) VALUES ('quinn.baker@example.com', 'Farmer', 'password');
INSERT INTO farmers (farmer_id, farmer_name, farmer_phone, farmer_state, farmer_zipcode)
VALUES('quinn.baker@example.com', 'Quinn Baker','397-301-9999', 'North Dakota', '69774');
INSERT INTO users (user_id, user_type, user_password) VALUES ('rachel.sanchez@example.com', 'Distributor', 'password');
INSERT INTO distributors (distributor_id, distributor_name, distributor_phone, distributor_state, distributor_zipcode)
VALUES('rachel.sanchez@example.com', 'Rachel Sanchez','989-138-7167', 'Kansas', '59233');
INSERT INTO users (user_id, user_type, user_password) VALUES ('samuel.bennett@example.com', 'Farmer', 'password');
INSERT INTO farmers (farmer_id, farmer_name, farmer_phone, farmer_state, farmer_zipcode)
VALUES('samuel.bennett@example.com', 'Samuel Bennett','621-220-5407', 'Wisconsin', '46576');
INSERT INTO users (user_id, user_type, user_password) VALUES ('taylor.howard@example.com', 'Distributor', 'password');
INSERT INTO distributors (distributor_id, distributor_name, distributor_phone, distributor_state, distributor_zipcode)
VALUES('taylor.howard@example.com', 'Taylor Howard','730-266-4264', 'Ohio', '98836');
INSERT INTO users (user_id, user_type, user_password) VALUES ('ursula.ramirez@example.com', 'Distributor', 'password');
INSERT INTO distributors (distributor_id, distributor_name, distributor_phone, distributor_state, distributor_zipcode)
VALUES('ursula.ramirez@example.com', 'Ursula Ramirez','146-494-1655', 'Wisconsin', '95480');
INSERT INTO users (user_id, user_type, user_password) VALUES ('vincent.hayes@example.com', 'Farmer', 'password');
INSERT INTO farmers (farmer_id, farmer_name, farmer_phone, farmer_state, farmer_zipcode)
VALUES('vincent.hayes@example.com', 'Vincent Hayes','292-609-9614', 'Oklahoma', '62196');
INSERT INTO users (user_id, user_type, user_password) VALUES ('wendy.foster@example.com', 'Customer', 'password');
INSERT INTO customers (customer_id, customer_name, customer_phone, customer_state, customer_zipcode)
VALUES('wendy.foster@example.com', 'Wendy Foster','499-517-9144', 'Wisconsin', '95402');
INSERT INTO users (user_id, user_type, user_password) VALUES ('xavier.barnes@example.com', 'Distributor', 'password');
INSERT INTO distributors (distributor_id, distributor_name, distributor_phone, distributor_state, distributor_zipcode)
VALUES('xavier.barnes@example.com', 'Xavier Barnes','059-334-6438', 'South Dakota', '24207');
INSERT INTO users (user_id, user_type, user_password) VALUES ('yasmine.long@example.com', 'Distributor', 'password');
INSERT INTO distributors (distributor_id, distributor_name, distributor_phone, distributor_state, distributor_zipcode)
VALUES('yasmine.long@example.com', 'Yasmine Long','572-943-8558', 'Florida', '17146');
INSERT INTO users (user_id, user_type, user_password) VALUES ('zachary.coleman@example.com', 'Distributor', 'password');
INSERT INTO distributors (distributor_id, distributor_name, distributor_phone, distributor_state, distributor_zipcode)
VALUES('zachary.coleman@example.com', 'Zachary Coleman','197-363-0291', 'Tennessee', '12167');
INSERT INTO users (user_id, user_type, user_password) VALUES ('abigail.gray@example.com', 'Farmer', 'password');
INSERT INTO farmers (farmer_id, farmer_name, farmer_phone, farmer_state, farmer_zipcode)
VALUES('abigail.gray@example.com', 'Abigail Gray','350-706-1022', 'Minnesota', '34035');
INSERT INTO users (user_id, user_type, user_password) VALUES ('benjamin.russell@example.com', 'Customer', 'password');
INSERT INTO customers (customer_id, customer_name, customer_phone, customer_state, customer_zipcode)
VALUES('benjamin.russell@example.com', 'Benjamin Russell','645-936-9189', 'North Carolina', '94829');
INSERT INTO users (user_id, user_type, user_password) VALUES ('charlotte.perry@example.com', 'Distributor', 'password');
INSERT INTO distributors (distributor_id, distributor_name, distributor_phone, distributor_state, distributor_zipcode)
VALUES('charlotte.perry@example.com', 'Charlotte Perry','080-343-3683', 'Alabama', '28862');
INSERT INTO users (user_id, user_type, user_password) VALUES ('daniel.howard@example.com', 'Farmer', 'password');
INSERT INTO farmers (farmer_id, farmer_name, farmer_phone, farmer_state, farmer_zipcode)
VALUES('daniel.howard@example.com', 'Daniel Howard','256-393-2287', 'Minnesota', '75300');
INSERT INTO users (user_id, user_type, user_password) VALUES ('ella.kelly@example.com', 'Distributor', 'password');
INSERT INTO distributors (distributor_id, distributor_name, distributor_phone, distributor_state, distributor_zipcode)
VALUES('ella.kelly@example.com', 'Ella Kelly','546-344-6933', 'Alaska', '90766');
INSERT INTO users (user_id, user_type, user_password) VALUES ('frederick.simmons@example.com', 'Customer', 'password');
INSERT INTO customers (customer_id, customer_name, customer_phone, customer_state, customer_zipcode)
VALUES('frederick.simmons@example.com', 'Frederick Simmons','725-963-8463', 'Idaho', '12304');
INSERT INTO users (user_id, user_type, user_password) VALUES ('gabrielle.brooks@example.com', 'Customer', 'password');
INSERT INTO customers (customer_id, customer_name, customer_phone, customer_state, customer_zipcode)
VALUES('gabrielle.brooks@example.com', 'Gabrielle Brooks','458-028-0065', 'Arizona', '46396');
INSERT INTO users (user_id, user_type, user_password) VALUES ('henry.bryant@example.com', 'Customer', 'password');
INSERT INTO customers (customer_id, customer_name, customer_phone, customer_state, customer_zipcode)
VALUES('henry.bryant@example.com', 'Henry Bryant','529-193-9032', 'Washington', '48280');
INSERT INTO users (user_id, user_type, user_password) VALUES ('isabella.wood@example.com', 'Customer', 'password');
INSERT INTO customers (customer_id, customer_name, customer_phone, customer_state, customer_zipcode)
VALUES('isabella.wood@example.com', 'Isabella Wood','323-007-9930', 'Illinois', '69581');
INSERT INTO users (user_id, user_type, user_password) VALUES ('jacob.fisher@example.com', 'Farmer', 'password');
INSERT INTO farmers (farmer_id, farmer_name, farmer_phone, farmer_state, farmer_zipcode)
VALUES('jacob.fisher@example.com', 'Jacob Fisher','962-443-1780', 'Texas', '07250');
INSERT INTO users (user_id, user_type, user_password) VALUES ('kaitlyn.evans@example.com', 'Customer', 'password');
INSERT INTO customers (customer_id, customer_name, customer_phone, customer_state, customer_zipcode)
VALUES('kaitlyn.evans@example.com', 'Kaitlyn Evans','173-875-8350', 'North Carolina', '18723');
INSERT INTO users (user_id, user_type, user_password) VALUES ('liam.bishop@example.com', 'Farmer', 'password');
INSERT INTO farmers (farmer_id, farmer_name, farmer_phone, farmer_state, farmer_zipcode)
VALUES('liam.bishop@example.com', 'Liam Bishop','700-928-1419', 'Nebraska', '28535');
INSERT INTO users (user_id, user_type, user_password) VALUES ('mia.murray@example.com', 'Distributor', 'password');
INSERT INTO distributors (distributor_id, distributor_name, distributor_phone, distributor_state, distributor_zipcode)
VALUES('mia.murray@example.com', 'Mia Murray','119-080-8051', 'Alaska', '31145');
INSERT INTO users (user_id, user_type, user_password) VALUES ('nathan.cole@example.com', 'Distributor', 'password');
INSERT INTO distributors (distributor_id, distributor_name, distributor_phone, distributor_state, distributor_zipcode)
VALUES('nathan.cole@example.com', 'Nathan Cole','762-269-1474', 'Iowa', '35494');
INSERT INTO users (user_id, user_type, user_password) VALUES ('olivia.reyes@example.com', 'Farmer', 'password');
INSERT INTO farmers (farmer_id, farmer_name, farmer_phone, farmer_state, farmer_zipcode)
VALUES('olivia.reyes@example.com', 'Olivia Reyes','936-721-9874', 'New Hampshire', '43915');
INSERT INTO users (user_id, user_type, user_password) VALUES ('patrick.mitchell@example.com', 'Distributor', 'password');
INSERT INTO distributors (distributor_id, distributor_name, distributor_phone, distributor_state, distributor_zipcode)
VALUES('patrick.mitchell@example.com', 'Patrick Mitchell','175-976-5844', 'Nevada', '11656');
INSERT INTO users (user_id, user_type, user_password) VALUES ('quinn.ross@example.com', 'Farmer', 'password');
INSERT INTO farmers (farmer_id, farmer_name, farmer_phone, farmer_state, farmer_zipcode)
VALUES('quinn.ross@example.com', 'Quinn Ross','722-276-7264', 'Michigan', '51130');
INSERT INTO users (user_id, user_type, user_password) VALUES ('rachel.diaz@example.com', 'Distributor', 'password');
INSERT INTO distributors (distributor_id, distributor_name, distributor_phone, distributor_state, distributor_zipcode)
VALUES('rachel.diaz@example.com', 'Rachel Diaz','242-714-1863', 'Alabama', '79078');
INSERT INTO users (user_id, user_type, user_password) VALUES ('samuel.patterson@example.com', 'Distributor', 'password');
INSERT INTO distributors (distributor_id, distributor_name, distributor_phone, distributor_state, distributor_zipcode)
VALUES('samuel.patterson@example.com', 'Samuel Patterson','346-920-2573', 'Nebraska', '63769');
INSERT INTO users (user_id, user_type, user_password) VALUES ('taylor.flores@example.com', 'Customer', 'password');
INSERT INTO customers (customer_id, customer_name, customer_phone, customer_state, customer_zipcode)
VALUES('taylor.flores@example.com', 'Taylor Flores','882-722-4169', 'Nebraska', '11834');
INSERT INTO users (user_id, user_type, user_password) VALUES ('ursula.alexander@example.com', 'Farmer', 'password');
INSERT INTO farmers (farmer_id, farmer_name, farmer_phone, farmer_state, farmer_zipcode)
VALUES('ursula.alexander@example.com', 'Ursula Alexander','650-095-2642', 'Georgia', '53428');
INSERT INTO users (user_id, user_type, user_password) VALUES ('vincent.sullivan@example.com', 'Distributor', 'password');
INSERT INTO distributors (distributor_id, distributor_name, distributor_phone, distributor_state, distributor_zipcode)
VALUES('vincent.sullivan@example.com', 'Vincent Sullivan','624-704-7197', 'Vermont', '72422');
INSERT INTO users (user_id, user_type, user_password) VALUES ('wendy.stevens@example.com', 'Customer', 'password');
INSERT INTO customers (customer_id, customer_name, customer_phone, customer_state, customer_zipcode)
VALUES('wendy.stevens@example.com', 'Wendy Stevens','383-561-6204', 'Oklahoma', '91813');
INSERT INTO users (user_id, user_type, user_password) VALUES ('xavier.butler@example.com', 'Distributor', 'password');
INSERT INTO distributors (distributor_id, distributor_name, distributor_phone, distributor_state, distributor_zipcode)
VALUES('xavier.butler@example.com', 'Xavier Butler','067-847-2564', 'Massachusetts', '37180');
INSERT INTO users (user_id, user_type, user_password) VALUES ('yasmine.nguyen@example.com', 'Distributor', 'password');
INSERT INTO distributors (distributor_id, distributor_name, distributor_phone, distributor_state, distributor_zipcode)
VALUES('yasmine.nguyen@example.com', 'Yasmine Nguyen','656-156-5103', 'Montana', '44440');
INSERT INTO users (user_id, user_type, user_password) VALUES ('zachary.powell@example.com', 'Farmer', 'password');
INSERT INTO farmers (farmer_id, farmer_name, farmer_phone, farmer_state, farmer_zipcode)
VALUES('zachary.powell@example.com', 'Zachary Powell','439-052-2393', 'Colorado', '71271');
INSERT INTO users (user_id, user_type, user_password) VALUES ('abigail.simmons@example.com', 'Customer', 'password');
INSERT INTO customers (customer_id, customer_name, customer_phone, customer_state, customer_zipcode)
VALUES('abigail.simmons@example.com', 'Abigail Simmons','171-675-5669', 'Pennsylvania', '87685');
INSERT INTO users (user_id, user_type, user_password) VALUES ('benjamin.bryant@example.com', 'Farmer', 'password');
INSERT INTO farmers (farmer_id, farmer_name, farmer_phone, farmer_state, farmer_zipcode)
VALUES('benjamin.bryant@example.com', 'Benjamin Bryant','116-498-7374', 'Kansas', '14743');
INSERT INTO users (user_id, user_type, user_password) VALUES ('charlotte.roberts@example.com', 'Customer', 'password');
INSERT INTO customers (customer_id, customer_name, customer_phone, customer_state, customer_zipcode)
VALUES('charlotte.roberts@example.com', 'Charlotte Roberts','542-094-4373', 'Kansas', '85525');
INSERT INTO users (user_id, user_type, user_password) VALUES ('daniel.morgan@example.com', 'Distributor', 'password');
INSERT INTO distributors (distributor_id, distributor_name, distributor_phone, distributor_state, distributor_zipcode)
VALUES('daniel.morgan@example.com', 'Daniel Morgan','094-192-6659', 'New Mexico', '91299');
INSERT INTO users (user_id, user_type, user_password) VALUES ('ella.woodward@example.com', 'Distributor', 'password');
INSERT INTO distributors (distributor_id, distributor_name, distributor_phone, distributor_state, distributor_zipcode)
VALUES('ella.woodward@example.com', 'Ella Woodward','481-038-2803', 'Arizona', '45635');
INSERT INTO users (user_id, user_type, user_password) VALUES ('frederick.henderson@example.com', 'Farmer', 'password');
INSERT INTO farmers (farmer_id, farmer_name, farmer_phone, farmer_state, farmer_zipcode)
VALUES('frederick.henderson@example.com', 'Frederick Henderson','734-006-5896', 'Minnesota', '49467');
INSERT INTO users (user_id, user_type, user_password) VALUES ('gabrielle.gardner@example.com', 'Distributor', 'password');
INSERT INTO distributors (distributor_id, distributor_name, distributor_phone, distributor_state, distributor_zipcode)
VALUES('gabrielle.gardner@example.com', 'Gabrielle Gardner','527-197-7789', 'Oklahoma', '68788');
INSERT INTO users (user_id, user_type, user_password) VALUES ('henry.bennett@example.com', 'Distributor', 'password');
INSERT INTO distributors (distributor_id, distributor_name, distributor_phone, distributor_state, distributor_zipcode)
VALUES('henry.bennett@example.com', 'Henry Bennett','082-221-7633', 'Utah', '96381');
INSERT INTO users (user_id, user_type, user_password) VALUES ('isabella.richardson@example.com', 'Customer', 'password');
INSERT INTO customers (customer_id, customer_name, customer_phone, customer_state, customer_zipcode)
VALUES('isabella.richardson@example.com', 'Isabella Richardson','133-096-2057', 'Indiana', '59622');
INSERT INTO users (user_id, user_type, user_password) VALUES ('jacob.cruz@example.com', 'Distributor', 'password');
INSERT INTO distributors (distributor_id, distributor_name, distributor_phone, distributor_state, distributor_zipcode)
VALUES('jacob.cruz@example.com', 'Jacob Cruz','304-284-5948', 'North Dakota', '05983');
INSERT INTO users (user_id, user_type, user_password) VALUES ('kaitlyn.ward@example.com', 'Distributor', 'password');
INSERT INTO distributors (distributor_id, distributor_name, distributor_phone, distributor_state, distributor_zipcode)
VALUES('kaitlyn.ward@example.com', 'Kaitlyn Ward','504-450-1540', 'Rhode Island', '63125');
INSERT INTO users (user_id, user_type, user_password) VALUES ('liam.bailey@example.com', 'Distributor', 'password');
INSERT INTO distributors (distributor_id, distributor_name, distributor_phone, distributor_state, distributor_zipcode)
VALUES('liam.bailey@example.com', 'Liam Bailey','257-270-7018', 'New Jersey', '19639');
INSERT INTO users (user_id, user_type, user_password) VALUES ('mia.simmons@example.com', 'Distributor', 'password');
INSERT INTO distributors (distributor_id, distributor_name, distributor_phone, distributor_state, distributor_zipcode)
VALUES('mia.simmons@example.com', 'Mia Simmons','114-586-1345', 'Maine', '39785');
INSERT INTO users (user_id, user_type, user_password) VALUES ('nathan.harper@example.com', 'Customer', 'password');
INSERT INTO customers (customer_id, customer_name, customer_phone, customer_state, customer_zipcode)
VALUES('nathan.harper@example.com', 'Nathan Harper','321-638-1809', 'Michigan', '74840');
INSERT INTO users (user_id, user_type, user_password) VALUES ('olivia.morris@example.com', 'Farmer', 'password');
INSERT INTO farmers (farmer_id, farmer_name, farmer_phone, farmer_state, farmer_zipcode)
VALUES('olivia.morris@example.com', 'Olivia Morris','065-355-9028', 'Louisiana', '64900');
INSERT INTO users (user_id, user_type, user_password) VALUES ('patrick.mason@example.com', 'Customer', 'password');
INSERT INTO customers (customer_id, customer_name, customer_phone, customer_state, customer_zipcode)
VALUES('patrick.mason@example.com', 'Patrick Mason','917-327-6821', 'Wyoming', '05948');
INSERT INTO users (user_id, user_type, user_password) VALUES ('quinn.lopez@example.com', 'Farmer', 'password');
INSERT INTO farmers (farmer_id, farmer_name, farmer_phone, farmer_state, farmer_zipcode)
VALUES('quinn.lopez@example.com', 'Quinn Lopez','266-880-3182', 'Ohio', '82789');
INSERT INTO users (user_id, user_type, user_password) VALUES ('rachel.powell@example.com', 'Customer', 'password');
INSERT INTO customers (customer_id, customer_name, customer_phone, customer_state, customer_zipcode)
VALUES('rachel.powell@example.com', 'Rachel Powell','368-695-3403', 'California', '35948');
INSERT INTO users (user_id, user_type, user_password) VALUES ('samuel.bell@example.com', 'Distributor', 'password');
INSERT INTO distributors (distributor_id, distributor_name, distributor_phone, distributor_state, distributor_zipcode)
VALUES('samuel.bell@example.com', 'Samuel Bell','004-142-9171', 'Delaware', '90747');
INSERT INTO users (user_id, user_type, user_password) VALUES ('taylor.gonzalez@example.com', 'Distributor', 'password');
INSERT INTO distributors (distributor_id, distributor_name, distributor_phone, distributor_state, distributor_zipcode)
VALUES('taylor.gonzalez@example.com', 'Taylor Gonzalez','873-498-4218', 'Maryland', '10866');
INSERT INTO users (user_id, user_type, user_password) VALUES ('ursula.smith@example.com', 'Farmer', 'password');
INSERT INTO farmers (farmer_id, farmer_name, farmer_phone, farmer_state, farmer_zipcode)
VALUES('ursula.smith@example.com', 'Ursula Smith','262-686-4808', 'Illinois', '46223');
INSERT INTO users (user_id, user_type, user_password) VALUES ('vincent.torres@example.com', 'Customer', 'password');
INSERT INTO customers (customer_id, customer_name, customer_phone, customer_state, customer_zipcode)
VALUES('vincent.torres@example.com', 'Vincent Torres','486-865-4624', 'Vermont', '79853');
INSERT INTO users (user_id, user_type, user_password) VALUES ('wendy.williams@example.com', 'Farmer', 'password');
INSERT INTO farmers (farmer_id, farmer_name, farmer_phone, farmer_state, farmer_zipcode)
VALUES('wendy.williams@example.com', 'Wendy Williams','717-715-6114', 'Missouri', '15860');
INSERT INTO users (user_id, user_type, user_password) VALUES ('xavier.collins@example.com', 'Customer', 'password');
INSERT INTO customers (customer_id, customer_name, customer_phone, customer_state, customer_zipcode)
VALUES('xavier.collins@example.com', 'Xavier Collins','620-566-1050', 'Idaho', '29771');
INSERT INTO farmer_inventories(farmer_id, product_name, product_quantity)
VALUES('bob.johnson@example.com', 'Cabbage', 385);
INSERT INTO farmer_inventories(farmer_id, product_name, product_quantity)
VALUES('bob.johnson@example.com', 'Oranges', 143);
INSERT INTO farmer_inventories(farmer_id, product_name, product_quantity)
VALUES('david.davis@example.com', 'Tea', 496);
INSERT INTO farmer_inventories(farmer_id, product_name, product_quantity)
VALUES('david.davis@example.com', 'Cottonseed', 380);
INSERT INTO farmer_inventories(farmer_id, product_name, product_quantity)
VALUES('david.davis@example.com', 'Pecans', 154);
INSERT INTO farmer_inventories(farmer_id, product_name, product_quantity)
VALUES('david.davis@example.com', 'Taro', 251);
INSERT INTO farmer_inventories(farmer_id, product_name, product_quantity)
VALUES('david.davis@example.com', 'Zucchini', 394);
INSERT INTO farmer_inventories(farmer_id, product_name, product_quantity)
VALUES('david.davis@example.com', 'Coffee', 300);
INSERT INTO farmer_inventories(farmer_id, product_name, product_quantity)
VALUES('david.davis@example.com', 'Cantaloupe', 114);
INSERT INTO farmer_inventories(farmer_id, product_name, product_quantity)
VALUES('david.davis@example.com', 'Blueberries', 317);
INSERT INTO farmer_inventories(farmer_id, product_name, product_quantity)
VALUES('david.davis@example.com', 'Jicama', 434);
INSERT INTO farmer_inventories(farmer_id, product_name, product_quantity)
VALUES('david.davis@example.com', 'Bamboo Shoots', 348);
INSERT INTO farmer_inventories(farmer_id, product_name, product_quantity)
VALUES('david.davis@example.com', 'Celery', 152);
INSERT INTO farmer_inventories(farmer_id, product_name, product_quantity)
VALUES('david.davis@example.com', 'Carrots', 421);
INSERT INTO farmer_inventories(farmer_id, product_name, product_quantity)
VALUES('david.davis@example.com', 'Mushrooms', 106);
INSERT INTO farmer_inventories(farmer_id, product_name, product_quantity)
VALUES('david.davis@example.com', 'Barley', 265);
INSERT INTO farmer_inventories(farmer_id, product_name, product_quantity)
VALUES('david.davis@example.com', 'Pumpkins', 35);
INSERT INTO farmer_inventories(farmer_id, product_name, product_quantity)
VALUES('david.davis@example.com', 'Blueberries', 106);
INSERT INTO farmer_inventories(farmer_id, product_name, product_quantity)
VALUES('david.davis@example.com', 'Potatoes', 459);
INSERT INTO farmer_inventories(farmer_id, product_name, product_quantity)
VALUES('david.davis@example.com', 'Beets', 206);
INSERT INTO farmer_inventories(farmer_id, product_name, product_quantity)
VALUES('megan.lewis@example.com', 'Green Beans', 217);
INSERT INTO farmer_inventories(farmer_id, product_name, product_quantity)
VALUES('megan.lewis@example.com', 'Sugar Cane', 343);
INSERT INTO farmer_inventories(farmer_id, product_name, product_quantity)
VALUES('megan.lewis@example.com', 'Strawberries', 454);
INSERT INTO farmer_inventories(farmer_id, product_name, product_quantity)
VALUES('megan.lewis@example.com', 'Broccoli', 237);
INSERT INTO farmer_inventories(farmer_id, product_name, product_quantity)
VALUES('megan.lewis@example.com', 'Figs', 29);
INSERT INTO farmer_inventories(farmer_id, product_name, product_quantity)
VALUES('megan.lewis@example.com', 'Sorghum', 228);
INSERT INTO farmer_inventories(farmer_id, product_name, product_quantity)
VALUES('megan.lewis@example.com', 'Cashews', 261);
INSERT INTO farmer_inventories(farmer_id, product_name, product_quantity)
VALUES('megan.lewis@example.com', 'Seaweed', 298);
INSERT INTO farmer_inventories(farmer_id, product_name, product_quantity)
VALUES('megan.lewis@example.com', 'Coconuts', 430);
INSERT INTO farmer_inventories(farmer_id, product_name, product_quantity)
VALUES('megan.lewis@example.com', 'Papayas', 468);
INSERT INTO farmer_inventories(farmer_id, product_name, product_quantity)
VALUES('megan.lewis@example.com', 'Grapes', 409);
INSERT INTO farmer_inventories(farmer_id, product_name, product_quantity)
VALUES('megan.lewis@example.com', 'Lima Beans', 364);
INSERT INTO farmer_inventories(farmer_id, product_name, product_quantity)
VALUES('megan.lewis@example.com', 'Broccoli', 62);
INSERT INTO farmer_inventories(farmer_id, product_name, product_quantity)
VALUES('megan.lewis@example.com', 'Blueberries', 141);
INSERT INTO farmer_inventories(farmer_id, product_name, product_quantity)
VALUES('quincy.white@example.com', 'Amaranth', 149);
INSERT INTO farmer_inventories(farmer_id, product_name, product_quantity)
VALUES('quincy.white@example.com', 'Vanilla', 33);
INSERT INTO farmer_inventories(farmer_id, product_name, product_quantity)
VALUES('quincy.white@example.com', 'Chickpeas', 473);
INSERT INTO farmer_inventories(farmer_id, product_name, product_quantity)
VALUES('quincy.white@example.com', 'Taro', 67);
INSERT INTO farmer_inventories(farmer_id, product_name, product_quantity)
VALUES('quincy.white@example.com', 'Peppers', 304);
INSERT INTO farmer_inventories(farmer_id, product_name, product_quantity)
VALUES('quincy.white@example.com', 'Sesame', 284);
INSERT INTO farmer_inventories(farmer_id, product_name, product_quantity)
VALUES('taylor.perez@example.com', 'Safflower', 339);
INSERT INTO farmer_inventories(farmer_id, product_name, product_quantity)
VALUES('taylor.perez@example.com', 'Grapes', 174);
INSERT INTO farmer_inventories(farmer_id, product_name, product_quantity)
VALUES('taylor.perez@example.com', 'Pears', 358);
INSERT INTO farmer_inventories(farmer_id, product_name, product_quantity)
VALUES('taylor.perez@example.com', 'Lychee', 112);
INSERT INTO farmer_inventories(farmer_id, product_name, product_quantity)
VALUES('taylor.perez@example.com', 'Coconuts', 316);
INSERT INTO farmer_inventories(farmer_id, product_name, product_quantity)
VALUES('taylor.perez@example.com', 'Cottonseed', 120);
INSERT INTO farmer_inventories(farmer_id, product_name, product_quantity)
VALUES('taylor.perez@example.com', 'Kale', 171);
INSERT INTO farmer_inventories(farmer_id, product_name, product_quantity)
VALUES('ursula.garcia@example.com', 'Broccoli', 478);
INSERT INTO farmer_inventories(farmer_id, product_name, product_quantity)
VALUES('ursula.garcia@example.com', 'Rhubarb', 69);
INSERT INTO farmer_inventories(farmer_id, product_name, product_quantity)
VALUES('ursula.garcia@example.com', 'Eggplant', 240);
INSERT INTO farmer_inventories(farmer_id, product_name, product_quantity)
VALUES('ursula.garcia@example.com', 'Cantaloupe', 96);
INSERT INTO farmer_inventories(farmer_id, product_name, product_quantity)
VALUES('ursula.garcia@example.com', 'Green Beans', 267);
INSERT INTO farmer_inventories(farmer_id, product_name, product_quantity)
VALUES('ursula.garcia@example.com', 'Garlic', 337);
INSERT INTO farmer_inventories(farmer_id, product_name, product_quantity)
VALUES('ursula.garcia@example.com', 'Apples', 317);
INSERT INTO farmer_inventories(farmer_id, product_name, product_quantity)
VALUES('ursula.garcia@example.com', 'Bamboo Shoots', 353);
INSERT INTO farmer_inventories(farmer_id, product_name, product_quantity)
VALUES('ursula.garcia@example.com', 'Dulse', 244);
INSERT INTO farmer_inventories(farmer_id, product_name, product_quantity)
VALUES('ursula.garcia@example.com', 'Passion Fruit', 293);
INSERT INTO farmer_inventories(farmer_id, product_name, product_quantity)
VALUES('ursula.garcia@example.com', 'Spirulina', 106);
INSERT INTO farmer_inventories(farmer_id, product_name, product_quantity)
VALUES('ursula.garcia@example.com', 'Cabbage', 247);
INSERT INTO farmer_inventories(farmer_id, product_name, product_quantity)
VALUES('wendy.adams@example.com', 'Rhubarb', 8);
INSERT INTO farmer_inventories(farmer_id, product_name, product_quantity)
VALUES('wendy.adams@example.com', 'Peas', 220);
INSERT INTO farmer_inventories(farmer_id, product_name, product_quantity)
VALUES('wendy.adams@example.com', 'Kale', 469);
INSERT INTO farmer_inventories(farmer_id, product_name, product_quantity)
VALUES('wendy.adams@example.com', 'Peaches', 183);
INSERT INTO farmer_inventories(farmer_id, product_name, product_quantity)
VALUES('wendy.adams@example.com', 'Barley', 239);
INSERT INTO farmer_inventories(farmer_id, product_name, product_quantity)
VALUES('wendy.adams@example.com', 'Bamboo Shoots', 11);
INSERT INTO farmer_inventories(farmer_id, product_name, product_quantity)
VALUES('wendy.adams@example.com', 'Sugarcane', 467);
INSERT INTO farmer_inventories(farmer_id, product_name, product_quantity)
VALUES('yasmine.green@example.com', 'Plums', 475);
INSERT INTO farmer_inventories(farmer_id, product_name, product_quantity)
VALUES('yasmine.green@example.com', 'Sugarcane', 67);
INSERT INTO farmer_inventories(farmer_id, product_name, product_quantity)
VALUES('yasmine.green@example.com', 'Papayas', 442);
INSERT INTO farmer_inventories(farmer_id, product_name, product_quantity)
VALUES('yasmine.green@example.com', 'Lychee', 455);
INSERT INTO farmer_inventories(farmer_id, product_name, product_quantity)
VALUES('yasmine.green@example.com', 'Peanuts', 330);
INSERT INTO farmer_inventories(farmer_id, product_name, product_quantity)
VALUES('yasmine.green@example.com', 'Spinach', 135);
INSERT INTO farmer_inventories(farmer_id, product_name, product_quantity)
VALUES('yasmine.green@example.com', 'Black Beans', 388);
INSERT INTO farmer_inventories(farmer_id, product_name, product_quantity)
VALUES('yasmine.green@example.com', 'Guava', 405);
INSERT INTO farmer_inventories(farmer_id, product_name, product_quantity)
VALUES('yasmine.green@example.com', 'Potatoes', 332);
INSERT INTO farmer_inventories(farmer_id, product_name, product_quantity)
VALUES('yasmine.green@example.com', 'Quinoa', 126);
INSERT INTO farmer_inventories(farmer_id, product_name, product_quantity)
VALUES('yasmine.green@example.com', 'Amaranth', 326);
INSERT INTO farmer_inventories(farmer_id, product_name, product_quantity)
VALUES('benjamin.carter@example.com', 'Dates', 329);
INSERT INTO farmer_inventories(farmer_id, product_name, product_quantity)
VALUES('benjamin.carter@example.com', 'Zucchini', 145);
INSERT INTO farmer_inventories(farmer_id, product_name, product_quantity)
VALUES('benjamin.carter@example.com', 'Blueberries', 38);
INSERT INTO farmer_inventories(farmer_id, product_name, product_quantity)
VALUES('benjamin.carter@example.com', 'Blueberries', 303);
INSERT INTO farmer_inventories(farmer_id, product_name, product_quantity)
VALUES('benjamin.carter@example.com', 'Oats', 272);
INSERT INTO farmer_inventories(farmer_id, product_name, product_quantity)
VALUES('benjamin.carter@example.com', 'Mangoes', 286);
INSERT INTO farmer_inventories(farmer_id, product_name, product_quantity)
VALUES('benjamin.carter@example.com', 'Cucumbers', 72);
INSERT INTO farmer_inventories(farmer_id, product_name, product_quantity)
VALUES('benjamin.carter@example.com', 'Dates', 458);
INSERT INTO farmer_inventories(farmer_id, product_name, product_quantity)
VALUES('benjamin.carter@example.com', 'Cottonseed', 124);
INSERT INTO farmer_inventories(farmer_id, product_name, product_quantity)
VALUES('benjamin.carter@example.com', 'Bamboo Shoots', 405);
INSERT INTO farmer_inventories(farmer_id, product_name, product_quantity)
VALUES('benjamin.carter@example.com', 'Artichokes', 11);
INSERT INTO farmer_inventories(farmer_id, product_name, product_quantity)
VALUES('benjamin.carter@example.com', 'Macadamia Nuts', 358);
INSERT INTO farmer_inventories(farmer_id, product_name, product_quantity)
VALUES('benjamin.carter@example.com', 'Cassava', 62);
INSERT INTO farmer_inventories(farmer_id, product_name, product_quantity)
VALUES('benjamin.carter@example.com', 'Cotton', 380);
INSERT INTO farmer_inventories(farmer_id, product_name, product_quantity)
VALUES('benjamin.carter@example.com', 'Lentils', 154);
INSERT INTO farmer_inventories(farmer_id, product_name, product_quantity)
VALUES('benjamin.carter@example.com', 'Dulse', 121);
INSERT INTO farmer_inventories(farmer_id, product_name, product_quantity)
VALUES('benjamin.carter@example.com', 'Cotton', 50);
INSERT INTO farmer_inventories(farmer_id, product_name, product_quantity)
VALUES('benjamin.carter@example.com', 'Truffles', 335);
INSERT INTO farmer_inventories(farmer_id, product_name, product_quantity)
VALUES('benjamin.carter@example.com', 'Kale', 160);
INSERT INTO farmer_inventories(farmer_id, product_name, product_quantity)
VALUES('charlotte.robinson@example.com', 'Cranberries', 275);
INSERT INTO farmer_inventories(farmer_id, product_name, product_quantity)
VALUES('charlotte.robinson@example.com', 'Onions', 448);
INSERT INTO farmer_inventories(farmer_id, product_name, product_quantity)
VALUES('charlotte.robinson@example.com', 'Almonds', 22);
INSERT INTO farmer_inventories(farmer_id, product_name, product_quantity)
VALUES('charlotte.robinson@example.com', 'Cocoa', 233);
INSERT INTO farmer_inventories(farmer_id, product_name, product_quantity)
VALUES('charlotte.robinson@example.com', 'Kale', 498);
INSERT INTO farmer_inventories(farmer_id, product_name, product_quantity)
VALUES('charlotte.robinson@example.com', 'Peaches', 111);
INSERT INTO farmer_inventories(farmer_id, product_name, product_quantity)
VALUES('charlotte.robinson@example.com', 'Nectarines', 227);
INSERT INTO farmer_inventories(farmer_id, product_name, product_quantity)
VALUES('charlotte.robinson@example.com', 'Carrots', 391);
INSERT INTO farmer_inventories(farmer_id, product_name, product_quantity)
VALUES('charlotte.robinson@example.com', 'Cocoa', 384);
INSERT INTO farmer_inventories(farmer_id, product_name, product_quantity)
VALUES('charlotte.robinson@example.com', 'Honeydew Melon', 338);
INSERT INTO farmer_inventories(farmer_id, product_name, product_quantity)
VALUES('charlotte.robinson@example.com', 'Mangoes', 399);
INSERT INTO farmer_inventories(farmer_id, product_name, product_quantity)
VALUES('charlotte.robinson@example.com', 'Quinoa', 50);
INSERT INTO farmer_inventories(farmer_id, product_name, product_quantity)
VALUES('daniel.turner@example.com', 'Cherries', 392);
INSERT INTO farmer_inventories(farmer_id, product_name, product_quantity)
VALUES('daniel.turner@example.com', 'Cotton', 197);
INSERT INTO farmer_inventories(farmer_id, product_name, product_quantity)
VALUES('daniel.turner@example.com', 'Walnuts', 217);
INSERT INTO farmer_inventories(farmer_id, product_name, product_quantity)
VALUES('daniel.turner@example.com', 'Apples', 135);
INSERT INTO farmer_inventories(farmer_id, product_name, product_quantity)
VALUES('daniel.turner@example.com', 'Cherries', 163);
INSERT INTO farmer_inventories(farmer_id, product_name, product_quantity)
VALUES('daniel.turner@example.com', 'Chia Seeds', 107);
INSERT INTO farmer_inventories(farmer_id, product_name, product_quantity)
VALUES('daniel.turner@example.com', 'Okra', 210);
INSERT INTO farmer_inventories(farmer_id, product_name, product_quantity)
VALUES('daniel.turner@example.com', 'Cherries', 169);
INSERT INTO farmer_inventories(farmer_id, product_name, product_quantity)
VALUES('daniel.turner@example.com', 'Broccoli', 424);
INSERT INTO farmer_inventories(farmer_id, product_name, product_quantity)
VALUES('daniel.turner@example.com', 'Dulse', 434);
INSERT INTO farmer_inventories(farmer_id, product_name, product_quantity)
VALUES('daniel.turner@example.com', 'Coffee', 423);
INSERT INTO farmer_inventories(farmer_id, product_name, product_quantity)
VALUES('daniel.turner@example.com', 'Radishes', 226);
INSERT INTO farmer_inventories(farmer_id, product_name, product_quantity)
VALUES('daniel.turner@example.com', 'Peanuts', 476);
INSERT INTO farmer_inventories(farmer_id, product_name, product_quantity)
VALUES('daniel.turner@example.com', 'Onions', 84);
INSERT INTO farmer_inventories(farmer_id, product_name, product_quantity)
VALUES('daniel.turner@example.com', 'Macadamia Nuts', 292);
INSERT INTO farmer_inventories(farmer_id, product_name, product_quantity)
VALUES('daniel.turner@example.com', 'Pineapples', 224);
INSERT INTO farmer_inventories(farmer_id, product_name, product_quantity)
VALUES('daniel.turner@example.com', 'Sunflowers', 280);
INSERT INTO farmer_inventories(farmer_id, product_name, product_quantity)
VALUES('daniel.turner@example.com', 'Strawberries', 202);
INSERT INTO farmer_inventories(farmer_id, product_name, product_quantity)
VALUES('daniel.turner@example.com', 'Spirulina', 218);
INSERT INTO farmer_inventories(farmer_id, product_name, product_quantity)
VALUES('gabrielle.nelson@example.com', 'Rice', 71);
INSERT INTO farmer_inventories(farmer_id, product_name, product_quantity)
VALUES('gabrielle.nelson@example.com', 'Garlic', 256);
INSERT INTO farmer_inventories(farmer_id, product_name, product_quantity)
VALUES('gabrielle.nelson@example.com', 'Dates', 482);
INSERT INTO farmer_inventories(farmer_id, product_name, product_quantity)
VALUES('gabrielle.nelson@example.com', 'Pears', 186);
INSERT INTO farmer_inventories(farmer_id, product_name, product_quantity)
VALUES('gabrielle.nelson@example.com', 'Okra', 52);
INSERT INTO farmer_inventories(farmer_id, product_name, product_quantity)
VALUES('gabrielle.nelson@example.com', 'Okra', 83);
INSERT INTO farmer_inventories(farmer_id, product_name, product_quantity)
VALUES('jacob.edwards@example.com', 'Sunflowers', 492);
INSERT INTO farmer_inventories(farmer_id, product_name, product_quantity)
VALUES('jacob.edwards@example.com', 'Kidney Beans', 372);
INSERT INTO farmer_inventories(farmer_id, product_name, product_quantity)
VALUES('jacob.edwards@example.com', 'Green Beans', 290);
INSERT INTO farmer_inventories(farmer_id, product_name, product_quantity)
VALUES('jacob.edwards@example.com', 'Onions', 30);
INSERT INTO farmer_inventories(farmer_id, product_name, product_quantity)
VALUES('jacob.edwards@example.com', 'Bamboo Shoots', 105);
INSERT INTO farmer_inventories(farmer_id, product_name, product_quantity)
VALUES('jacob.edwards@example.com', 'Tea', 47);
INSERT INTO farmer_inventories(farmer_id, product_name, product_quantity)
VALUES('jacob.edwards@example.com', 'Nopales', 448);
INSERT INTO farmer_inventories(farmer_id, product_name, product_quantity)
VALUES('jacob.edwards@example.com', 'Raspberries', 191);
INSERT INTO farmer_inventories(farmer_id, product_name, product_quantity)
VALUES('jacob.edwards@example.com', 'Broccoli', 373);
INSERT INTO farmer_inventories(farmer_id, product_name, product_quantity)
VALUES('jacob.edwards@example.com', 'Bok Choy', 108);
INSERT INTO farmer_inventories(farmer_id, product_name, product_quantity)
VALUES('jacob.edwards@example.com', 'Lettuce', 463);
INSERT INTO farmer_inventories(farmer_id, product_name, product_quantity)
VALUES('jacob.edwards@example.com', 'Cherries', 83);
INSERT INTO farmer_inventories(farmer_id, product_name, product_quantity)
VALUES('nathan.morris@example.com', 'Spirulina', 485);
INSERT INTO farmer_inventories(farmer_id, product_name, product_quantity)
VALUES('nathan.morris@example.com', 'Chia Seeds', 278);
INSERT INTO farmer_inventories(farmer_id, product_name, product_quantity)
VALUES('nathan.morris@example.com', 'Eggplant', 422);
INSERT INTO farmer_inventories(farmer_id, product_name, product_quantity)
VALUES('nathan.morris@example.com', 'Apricots', 123);
INSERT INTO farmer_inventories(farmer_id, product_name, product_quantity)
VALUES('nathan.morris@example.com', 'Safflower', 400);
INSERT INTO farmer_inventories(farmer_id, product_name, product_quantity)
VALUES('nathan.morris@example.com', 'Strawberries', 251);
INSERT INTO farmer_inventories(farmer_id, product_name, product_quantity)
VALUES('nathan.morris@example.com', 'Papayas', 284);
INSERT INTO farmer_inventories(farmer_id, product_name, product_quantity)
VALUES('nathan.morris@example.com', 'Spirulina', 250);
INSERT INTO farmer_inventories(farmer_id, product_name, product_quantity)
VALUES('nathan.morris@example.com', 'Peas', 439);
INSERT INTO farmer_inventories(farmer_id, product_name, product_quantity)
VALUES('nathan.morris@example.com', 'Cranberries', 392);
INSERT INTO farmer_inventories(farmer_id, product_name, product_quantity)
VALUES('nathan.morris@example.com', 'Sugar Cane', 435);
INSERT INTO farmer_inventories(farmer_id, product_name, product_quantity)
VALUES('nathan.morris@example.com', 'Grapes', 162);
INSERT INTO farmer_inventories(farmer_id, product_name, product_quantity)
VALUES('nathan.morris@example.com', 'Wheat', 367);
INSERT INTO farmer_inventories(farmer_id, product_name, product_quantity)
VALUES('nathan.morris@example.com', 'Hemp', 139);
INSERT INTO farmer_inventories(farmer_id, product_name, product_quantity)
VALUES('nathan.morris@example.com', 'Onions', 461);
INSERT INTO farmer_inventories(farmer_id, product_name, product_quantity)
VALUES('nathan.morris@example.com', 'Sorghum', 108);
INSERT INTO farmer_inventories(farmer_id, product_name, product_quantity)
VALUES('nathan.morris@example.com', 'Dulse', 277);
INSERT INTO farmer_inventories(farmer_id, product_name, product_quantity)
VALUES('samuel.bennett@example.com', 'Turmeric', 498);
INSERT INTO farmer_inventories(farmer_id, product_name, product_quantity)
VALUES('samuel.bennett@example.com', 'Almonds', 226);
INSERT INTO farmer_inventories(farmer_id, product_name, product_quantity)
VALUES('samuel.bennett@example.com', 'Macadamia Nuts', 21);
INSERT INTO farmer_inventories(farmer_id, product_name, product_quantity)
VALUES('samuel.bennett@example.com', 'Apples', 53);
INSERT INTO farmer_inventories(farmer_id, product_name, product_quantity)
VALUES('samuel.bennett@example.com', 'Strawberries', 231);
INSERT INTO farmer_inventories(farmer_id, product_name, product_quantity)
VALUES('samuel.bennett@example.com', 'Carrots', 167);
INSERT INTO farmer_inventories(farmer_id, product_name, product_quantity)
VALUES('samuel.bennett@example.com', 'Ginger', 185);
INSERT INTO farmer_inventories(farmer_id, product_name, product_quantity)
VALUES('samuel.bennett@example.com', 'Kiwifruit', 165);
INSERT INTO farmer_inventories(farmer_id, product_name, product_quantity)
VALUES('samuel.bennett@example.com', 'Pecans', 495);
INSERT INTO farmer_inventories(farmer_id, product_name, product_quantity)
VALUES('samuel.bennett@example.com', 'Cherries', 491);
INSERT INTO farmer_inventories(farmer_id, product_name, product_quantity)
VALUES('samuel.bennett@example.com', 'Eggplant', 113);
INSERT INTO farmer_inventories(farmer_id, product_name, product_quantity)
VALUES('samuel.bennett@example.com', 'Coconuts', 472);
INSERT INTO farmer_inventories(farmer_id, product_name, product_quantity)
VALUES('samuel.bennett@example.com', 'Raspberries', 9);
INSERT INTO farmer_inventories(farmer_id, product_name, product_quantity)
VALUES('samuel.bennett@example.com', 'Passion Fruit', 359);
INSERT INTO farmer_inventories(farmer_id, product_name, product_quantity)
VALUES('samuel.bennett@example.com', 'Turnips', 101);
INSERT INTO farmer_inventories(farmer_id, product_name, product_quantity)
VALUES('xavier.barnes@example.com', 'Squash', 129);
INSERT INTO farmer_inventories(farmer_id, product_name, product_quantity)
VALUES('xavier.barnes@example.com', 'Soybeans', 376);
INSERT INTO farmer_inventories(farmer_id, product_name, product_quantity)
VALUES('xavier.barnes@example.com', 'Kelp', 130);
INSERT INTO farmer_inventories(farmer_id, product_name, product_quantity)
VALUES('xavier.barnes@example.com', 'Okra', 169);
INSERT INTO farmer_inventories(farmer_id, product_name, product_quantity)
VALUES('xavier.barnes@example.com', 'Cassava', 324);
INSERT INTO farmer_inventories(farmer_id, product_name, product_quantity)
VALUES('xavier.barnes@example.com', 'Guava', 156);
INSERT INTO farmer_inventories(farmer_id, product_name, product_quantity)
VALUES('xavier.barnes@example.com', 'Figs', 44);
INSERT INTO farmer_inventories(farmer_id, product_name, product_quantity)
VALUES('xavier.barnes@example.com', 'Garlic', 416);
INSERT INTO farmer_inventories(farmer_id, product_name, product_quantity)
VALUES('xavier.barnes@example.com', 'Guava', 402);
INSERT INTO farmer_inventories(farmer_id, product_name, product_quantity)
VALUES('xavier.barnes@example.com', 'Almonds', 252);
INSERT INTO farmer_inventories(farmer_id, product_name, product_quantity)
VALUES('xavier.barnes@example.com', 'Pinto Beans', 307);
INSERT INTO farmer_inventories(farmer_id, product_name, product_quantity)
VALUES('xavier.barnes@example.com', 'Cherries', 497);
INSERT INTO farmer_inventories(farmer_id, product_name, product_quantity)
VALUES('xavier.barnes@example.com', 'Seaweed', 441);
INSERT INTO farmer_inventories(farmer_id, product_name, product_quantity)
VALUES('xavier.barnes@example.com', 'Coconuts', 435);
INSERT INTO farmer_inventories(farmer_id, product_name, product_quantity)
VALUES('xavier.barnes@example.com', 'Celery', 241);
INSERT INTO farmer_inventories(farmer_id, product_name, product_quantity)
VALUES('xavier.barnes@example.com', 'Bamboo Shoots', 28);
INSERT INTO farmer_inventories(farmer_id, product_name, product_quantity)
VALUES('xavier.barnes@example.com', 'Cherries', 83);
INSERT INTO farmer_inventories(farmer_id, product_name, product_quantity)
VALUES('xavier.barnes@example.com', 'Jicama', 22);
INSERT INTO farmer_inventories(farmer_id, product_name, product_quantity)
VALUES('yasmine.long@example.com', 'Jicama', 305);
INSERT INTO farmer_inventories(farmer_id, product_name, product_quantity)
VALUES('yasmine.long@example.com', 'Wheat', 475);
INSERT INTO farmer_inventories(farmer_id, product_name, product_quantity)
VALUES('yasmine.long@example.com', 'Honeydew Melon', 259);
INSERT INTO farmer_inventories(farmer_id, product_name, product_quantity)
VALUES('yasmine.long@example.com', 'Pistachios', 258);
INSERT INTO farmer_inventories(farmer_id, product_name, product_quantity)
VALUES('yasmine.long@example.com', 'Chia Seeds', 245);
INSERT INTO farmer_inventories(farmer_id, product_name, product_quantity)
VALUES('yasmine.long@example.com', 'Apricots', 200);
INSERT INTO farmer_inventories(farmer_id, product_name, product_quantity)
VALUES('yasmine.long@example.com', 'Jicama', 369);
INSERT INTO farmer_inventories(farmer_id, product_name, product_quantity)
VALUES('yasmine.long@example.com', 'Lettuce', 167);
INSERT INTO farmer_inventories(farmer_id, product_name, product_quantity)
VALUES('yasmine.long@example.com', 'Pears', 229);
INSERT INTO farmer_inventories(farmer_id, product_name, product_quantity)
VALUES('yasmine.long@example.com', 'Garlic', 391);
INSERT INTO farmer_inventories(farmer_id, product_name, product_quantity)
VALUES('yasmine.long@example.com', 'Lentils', 226);
INSERT INTO farmer_inventories(farmer_id, product_name, product_quantity)
VALUES('yasmine.long@example.com', 'Figs', 176);
INSERT INTO farmer_inventories(farmer_id, product_name, product_quantity)
VALUES('yasmine.long@example.com', 'Lima Beans', 365);
INSERT INTO farmer_inventories(farmer_id, product_name, product_quantity)
VALUES('zachary.coleman@example.com', 'Squash', 181);
INSERT INTO farmer_inventories(farmer_id, product_name, product_quantity)
VALUES('zachary.coleman@example.com', 'Flax', 21);
INSERT INTO farmer_inventories(farmer_id, product_name, product_quantity)
VALUES('zachary.coleman@example.com', 'Apricots', 343);
INSERT INTO farmer_inventories(farmer_id, product_name, product_quantity)
VALUES('zachary.coleman@example.com', 'Seaweed', 173);
INSERT INTO farmer_inventories(farmer_id, product_name, product_quantity)
VALUES('zachary.coleman@example.com', 'Celery', 4);
INSERT INTO farmer_inventories(farmer_id, product_name, product_quantity)
VALUES('zachary.coleman@example.com', 'Soybeans', 384);
INSERT INTO farmer_inventories(farmer_id, product_name, product_quantity)
VALUES('zachary.coleman@example.com', 'Figs', 143);
INSERT INTO farmer_inventories(farmer_id, product_name, product_quantity)
VALUES('zachary.coleman@example.com', 'Mangoes', 172);
INSERT INTO farmer_inventories(farmer_id, product_name, product_quantity)
VALUES('charlotte.perry@example.com', 'Turnips', 206);
INSERT INTO farmer_inventories(farmer_id, product_name, product_quantity)
VALUES('charlotte.perry@example.com', 'Truffles', 190);
INSERT INTO farmer_inventories(farmer_id, product_name, product_quantity)
VALUES('charlotte.perry@example.com', 'Garlic', 72);
INSERT INTO farmer_inventories(farmer_id, product_name, product_quantity)
VALUES('charlotte.perry@example.com', 'Asparagus', 6);
INSERT INTO farmer_inventories(farmer_id, product_name, product_quantity)
VALUES('charlotte.perry@example.com', 'Macadamia Nuts', 259);
INSERT INTO farmer_inventories(farmer_id, product_name, product_quantity)
VALUES('charlotte.perry@example.com', 'Rapeseed', 282);
INSERT INTO farmer_inventories(farmer_id, product_name, product_quantity)
VALUES('charlotte.perry@example.com', 'Peaches', 69);
INSERT INTO farmer_inventories(farmer_id, product_name, product_quantity)
VALUES('gabrielle.brooks@example.com', 'Oranges', 467);
INSERT INTO farmer_inventories(farmer_id, product_name, product_quantity)
VALUES('gabrielle.brooks@example.com', 'Amaranth', 183);
INSERT INTO farmer_inventories(farmer_id, product_name, product_quantity)
VALUES('gabrielle.brooks@example.com', 'Macadamia Nuts', 326);
INSERT INTO farmer_inventories(farmer_id, product_name, product_quantity)
VALUES('gabrielle.brooks@example.com', 'Vanilla', 396);
INSERT INTO farmer_inventories(farmer_id, product_name, product_quantity)
VALUES('gabrielle.brooks@example.com', 'Dates', 393);
INSERT INTO farmer_inventories(farmer_id, product_name, product_quantity)
VALUES('henry.bryant@example.com', 'Sugarcane', 36);
INSERT INTO farmer_inventories(farmer_id, product_name, product_quantity)
VALUES('henry.bryant@example.com', 'Passion Fruit', 143);
INSERT INTO farmer_inventories(farmer_id, product_name, product_quantity)
VALUES('henry.bryant@example.com', 'Blueberries', 94);
INSERT INTO farmer_inventories(farmer_id, product_name, product_quantity)
VALUES('henry.bryant@example.com', 'Pumpkins', 58);
INSERT INTO farmer_inventories(farmer_id, product_name, product_quantity)
VALUES('henry.bryant@example.com', 'Peaches', 477);
INSERT INTO farmer_inventories(farmer_id, product_name, product_quantity)
VALUES('henry.bryant@example.com', 'Pistachios', 259);
INSERT INTO farmer_inventories(farmer_id, product_name, product_quantity)
VALUES('henry.bryant@example.com', 'Safflower', 50);
INSERT INTO farmer_inventories(farmer_id, product_name, product_quantity)
VALUES('henry.bryant@example.com', 'Truffles', 286);
INSERT INTO farmer_inventories(farmer_id, product_name, product_quantity)
VALUES('henry.bryant@example.com', 'Tomatoes', 91);
INSERT INTO farmer_inventories(farmer_id, product_name, product_quantity)
VALUES('henry.bryant@example.com', 'Okra', 208);
INSERT INTO farmer_inventories(farmer_id, product_name, product_quantity)
VALUES('henry.bryant@example.com', 'Kidney Beans', 168);
INSERT INTO farmer_inventories(farmer_id, product_name, product_quantity)
VALUES('henry.bryant@example.com', 'Beets', 248);
INSERT INTO farmer_inventories(farmer_id, product_name, product_quantity)
VALUES('henry.bryant@example.com', 'Beets', 205);
INSERT INTO farmer_inventories(farmer_id, product_name, product_quantity)
VALUES('henry.bryant@example.com', 'Barley', 157);
INSERT INTO farmer_inventories(farmer_id, product_name, product_quantity)
VALUES('henry.bryant@example.com', 'Passion Fruit', 416);
INSERT INTO farmer_inventories(farmer_id, product_name, product_quantity)
VALUES('isabella.wood@example.com', 'Spirulina', 470);
INSERT INTO farmer_inventories(farmer_id, product_name, product_quantity)
VALUES('isabella.wood@example.com', 'Cranberries', 241);
INSERT INTO farmer_inventories(farmer_id, product_name, product_quantity)
VALUES('isabella.wood@example.com', 'Green Beans', 87);
INSERT INTO farmer_inventories(farmer_id, product_name, product_quantity)
VALUES('isabella.wood@example.com', 'Strawberries', 172);
INSERT INTO farmer_inventories(farmer_id, product_name, product_quantity)
VALUES('isabella.wood@example.com', 'Okra', 153);
INSERT INTO farmer_inventories(farmer_id, product_name, product_quantity)
VALUES('isabella.wood@example.com', 'Grapes', 360);
INSERT INTO farmer_inventories(farmer_id, product_name, product_quantity)
VALUES('isabella.wood@example.com', 'Lima Beans', 491);
INSERT INTO farmer_inventories(farmer_id, product_name, product_quantity)
VALUES('isabella.wood@example.com', 'Lima Beans', 99);
INSERT INTO farmer_inventories(farmer_id, product_name, product_quantity)
VALUES('isabella.wood@example.com', 'Hazelnuts', 402);
INSERT INTO farmer_inventories(farmer_id, product_name, product_quantity)
VALUES('isabella.wood@example.com', 'Hazelnuts', 145);
INSERT INTO farmer_inventories(farmer_id, product_name, product_quantity)
VALUES('isabella.wood@example.com', 'Grapes', 42);
INSERT INTO farmer_inventories(farmer_id, product_name, product_quantity)
VALUES('isabella.wood@example.com', 'Cucumbers', 498);
INSERT INTO farmer_inventories(farmer_id, product_name, product_quantity)
VALUES('isabella.wood@example.com', 'Nopales', 239);
INSERT INTO farmer_inventories(farmer_id, product_name, product_quantity)
VALUES('isabella.wood@example.com', 'Peanuts', 7);
INSERT INTO farmer_inventories(farmer_id, product_name, product_quantity)
VALUES('nathan.cole@example.com', 'Green Beans', 225);
INSERT INTO farmer_inventories(farmer_id, product_name, product_quantity)
VALUES('nathan.cole@example.com', 'Strawberries', 141);
INSERT INTO farmer_inventories(farmer_id, product_name, product_quantity)
VALUES('nathan.cole@example.com', 'Potatoes', 93);
INSERT INTO farmer_inventories(farmer_id, product_name, product_quantity)
VALUES('nathan.cole@example.com', 'Taro', 160);
INSERT INTO farmer_inventories(farmer_id, product_name, product_quantity)
VALUES('nathan.cole@example.com', 'Avocados', 94);
INSERT INTO farmer_inventories(farmer_id, product_name, product_quantity)
VALUES('nathan.cole@example.com', 'Kidney Beans', 247);
INSERT INTO farmer_inventories(farmer_id, product_name, product_quantity)
VALUES('nathan.cole@example.com', 'Flax', 396);
INSERT INTO farmer_inventories(farmer_id, product_name, product_quantity)
VALUES('nathan.cole@example.com', 'Walnuts', 367);
INSERT INTO farmer_inventories(farmer_id, product_name, product_quantity)
VALUES('nathan.cole@example.com', 'Barley', 48);
INSERT INTO farmer_inventories(farmer_id, product_name, product_quantity)
VALUES('nathan.cole@example.com', 'Bamboo Shoots', 488);
INSERT INTO farmer_inventories(farmer_id, product_name, product_quantity)
VALUES('nathan.cole@example.com', 'Cocoa', 352);
INSERT INTO farmer_inventories(farmer_id, product_name, product_quantity)
VALUES('nathan.cole@example.com', 'Blueberries', 482);
INSERT INTO farmer_inventories(farmer_id, product_name, product_quantity)
VALUES('nathan.cole@example.com', 'Rhubarb', 279);
INSERT INTO farmer_inventories(farmer_id, product_name, product_quantity)
VALUES('olivia.reyes@example.com', 'Lentils', 474);
INSERT INTO farmer_inventories(farmer_id, product_name, product_quantity)
VALUES('olivia.reyes@example.com', 'Sesame', 104);
INSERT INTO farmer_inventories(farmer_id, product_name, product_quantity)
VALUES('olivia.reyes@example.com', 'Broccoli', 13);
INSERT INTO farmer_inventories(farmer_id, product_name, product_quantity)
VALUES('olivia.reyes@example.com', 'Broccoli', 330);
INSERT INTO farmer_inventories(farmer_id, product_name, product_quantity)
VALUES('olivia.reyes@example.com', 'Nopales', 148);
INSERT INTO farmer_inventories(farmer_id, product_name, product_quantity)
VALUES('olivia.reyes@example.com', 'Pumpkins', 170);
INSERT INTO farmer_inventories(farmer_id, product_name, product_quantity)
VALUES('ursula.alexander@example.com', 'Safflower', 38);
INSERT INTO farmer_inventories(farmer_id, product_name, product_quantity)
VALUES('ursula.alexander@example.com', 'Blueberries', 27);
INSERT INTO farmer_inventories(farmer_id, product_name, product_quantity)
VALUES('ursula.alexander@example.com', 'Watercress', 400);
INSERT INTO farmer_inventories(farmer_id, product_name, product_quantity)
VALUES('ursula.alexander@example.com', 'Tea', 9);
INSERT INTO farmer_inventories(farmer_id, product_name, product_quantity)
VALUES('ursula.alexander@example.com', 'Flax', 392);
INSERT INTO farmer_inventories(farmer_id, product_name, product_quantity)
VALUES('ursula.alexander@example.com', 'Watercress', 460);
INSERT INTO farmer_inventories(farmer_id, product_name, product_quantity)
VALUES('vincent.sullivan@example.com', 'Black Beans', 304);
INSERT INTO farmer_inventories(farmer_id, product_name, product_quantity)
VALUES('xavier.butler@example.com', 'Lettuce', 141);
INSERT INTO farmer_inventories(farmer_id, product_name, product_quantity)
VALUES('xavier.butler@example.com', 'Squash', 21);
INSERT INTO farmer_inventories(farmer_id, product_name, product_quantity)
VALUES('xavier.butler@example.com', 'Oranges', 433);
INSERT INTO farmer_inventories(farmer_id, product_name, product_quantity)
VALUES('xavier.butler@example.com', 'Cashews', 217);
INSERT INTO farmer_inventories(farmer_id, product_name, product_quantity)
VALUES('xavier.butler@example.com', 'Green Beans', 323);
INSERT INTO farmer_inventories(farmer_id, product_name, product_quantity)
VALUES('jacob.cruz@example.com', 'Almonds', 441);
INSERT INTO farmer_inventories(farmer_id, product_name, product_quantity)
VALUES('jacob.cruz@example.com', 'Durian', 414);
INSERT INTO farmer_inventories(farmer_id, product_name, product_quantity)
VALUES('jacob.cruz@example.com', 'Chickpeas', 364);
INSERT INTO farmer_inventories(farmer_id, product_name, product_quantity)
VALUES('jacob.cruz@example.com', 'Almonds', 383);
INSERT INTO farmer_inventories(farmer_id, product_name, product_quantity)
VALUES('jacob.cruz@example.com', 'Broccoli', 212);
INSERT INTO farmer_inventories(farmer_id, product_name, product_quantity)
VALUES('liam.bailey@example.com', 'Turnips', 389);
INSERT INTO farmer_inventories(farmer_id, product_name, product_quantity)
VALUES('liam.bailey@example.com', 'Avocados', 40);
INSERT INTO farmer_inventories(farmer_id, product_name, product_quantity)
VALUES('mia.simmons@example.com', 'Wheat', 296);
INSERT INTO farmer_inventories(farmer_id, product_name, product_quantity)
VALUES('mia.simmons@example.com', 'Peaches', 496);
INSERT INTO farmer_inventories(farmer_id, product_name, product_quantity)
VALUES('mia.simmons@example.com', 'Coconuts', 234);
INSERT INTO farmer_inventories(farmer_id, product_name, product_quantity)
VALUES('mia.simmons@example.com', 'Peppers', 309);
INSERT INTO farmer_inventories(farmer_id, product_name, product_quantity)
VALUES('mia.simmons@example.com', 'Barley', 186);
INSERT INTO farmer_inventories(farmer_id, product_name, product_quantity)
VALUES('mia.simmons@example.com', 'Beets', 325);
INSERT INTO farmer_inventories(farmer_id, product_name, product_quantity)
VALUES('mia.simmons@example.com', 'Peaches', 213);
INSERT INTO farmer_inventories(farmer_id, product_name, product_quantity)
VALUES('mia.simmons@example.com', 'Taro', 372);
INSERT INTO farmer_inventories(farmer_id, product_name, product_quantity)
VALUES('mia.simmons@example.com', 'Tea', 167);
INSERT INTO farmer_inventories(farmer_id, product_name, product_quantity)
VALUES('mia.simmons@example.com', 'Green Beans', 155);
INSERT INTO farmer_inventories(farmer_id, product_name, product_quantity)
VALUES('mia.simmons@example.com', 'Cucumbers', 450);
INSERT INTO farmer_inventories(farmer_id, product_name, product_quantity)
VALUES('mia.simmons@example.com', 'Potatoes', 181);
INSERT INTO farmer_inventories(farmer_id, product_name, product_quantity)
VALUES('mia.simmons@example.com', 'Figs', 479);
INSERT INTO farmer_inventories(farmer_id, product_name, product_quantity)
VALUES('mia.simmons@example.com', 'Cantaloupe', 63);
INSERT INTO farmer_inventories(farmer_id, product_name, product_quantity)
VALUES('mia.simmons@example.com', 'Sweet Potatoes', 273);
INSERT INTO farmer_inventories(farmer_id, product_name, product_quantity)
VALUES('mia.simmons@example.com', 'Blackberries', 420);
INSERT INTO farmer_inventories(farmer_id, product_name, product_quantity)
VALUES('mia.simmons@example.com', 'Cottonseed', 231);
INSERT INTO farmer_inventories(farmer_id, product_name, product_quantity)
VALUES('mia.simmons@example.com', 'Watercress', 228);
INSERT INTO farmer_inventories(farmer_id, product_name, product_quantity)
VALUES('mia.simmons@example.com', 'Chickpeas', 287);
INSERT INTO farmer_inventories(farmer_id, product_name, product_quantity)
VALUES('mia.simmons@example.com', 'Cocoa', 459);
INSERT INTO farmer_inventories(farmer_id, product_name, product_quantity)
VALUES('olivia.morris@example.com', 'Peaches', 197);
INSERT INTO farmer_inventories(farmer_id, product_name, product_quantity)
VALUES('olivia.morris@example.com', 'Tea', 55);
INSERT INTO farmer_inventories(farmer_id, product_name, product_quantity)
VALUES('olivia.morris@example.com', 'Blackberries', 286);
INSERT INTO farmer_inventories(farmer_id, product_name, product_quantity)
VALUES('olivia.morris@example.com', 'Tea', 398);
INSERT INTO farmer_inventories(farmer_id, product_name, product_quantity)
VALUES('olivia.morris@example.com', 'Squash', 34);
INSERT INTO farmer_inventories(farmer_id, product_name, product_quantity)
VALUES('olivia.morris@example.com', 'Oranges', 497);
INSERT INTO farmer_inventories(farmer_id, product_name, product_quantity)
VALUES('olivia.morris@example.com', 'Cranberries', 329);
INSERT INTO farmer_inventories(farmer_id, product_name, product_quantity)
VALUES('olivia.morris@example.com', 'Safflower', 310);
INSERT INTO farmer_inventories(farmer_id, product_name, product_quantity)
VALUES('olivia.morris@example.com', 'Quinoa', 252);
INSERT INTO farmer_inventories(farmer_id, product_name, product_quantity)
VALUES('olivia.morris@example.com', 'Beets', 252);
INSERT INTO farmer_inventories(farmer_id, product_name, product_quantity)
VALUES('olivia.morris@example.com', 'Turmeric', 129);
INSERT INTO farmer_inventories(farmer_id, product_name, product_quantity)
VALUES('olivia.morris@example.com', 'Guava', 492);
INSERT INTO farmer_inventories(farmer_id, product_name, product_quantity)
VALUES('olivia.morris@example.com', 'Pears', 453);
INSERT INTO farmer_inventories(farmer_id, product_name, product_quantity)
VALUES('olivia.morris@example.com', 'Celery', 330);
INSERT INTO farmer_inventories(farmer_id, product_name, product_quantity)
VALUES('olivia.morris@example.com', 'Seaweed', 415);
INSERT INTO farmer_inventories(farmer_id, product_name, product_quantity)
VALUES('wendy.williams@example.com', 'Mangoes', 400);
INSERT INTO farmer_inventories(farmer_id, product_name, product_quantity)
VALUES('wendy.williams@example.com', 'Broccoli', 383);
INSERT INTO farmer_inventories(farmer_id, product_name, product_quantity)
VALUES('wendy.williams@example.com', 'Papayas', 453);
INSERT INTO farmer_inventories(farmer_id, product_name, product_quantity)
VALUES('wendy.williams@example.com', 'Bamboo Shoots', 337);
INSERT INTO farmer_inventories(farmer_id, product_name, product_quantity)
VALUES('wendy.williams@example.com', 'Cauliflower', 213);
INSERT INTO farmer_inventories(farmer_id, product_name, product_quantity)
VALUES('wendy.williams@example.com', 'Coconuts', 370);
INSERT INTO farmer_inventories(farmer_id, product_name, product_quantity)
VALUES('wendy.williams@example.com', 'Cotton', 261);
INSERT INTO farmer_inventories(farmer_id, product_name, product_quantity)
VALUES('wendy.williams@example.com', 'Cashews', 476);
INSERT INTO farmer_inventories(farmer_id, product_name, product_quantity)
VALUES('wendy.williams@example.com', 'Grapes', 193);
INSERT INTO farmer_inventories(farmer_id, product_name, product_quantity)
VALUES('wendy.williams@example.com', 'Cabbage', 248);
INSERT INTO farmer_inventories(farmer_id, product_name, product_quantity)
VALUES('wendy.williams@example.com', 'Almonds', 74);
INSERT INTO farmer_inventories(farmer_id, product_name, product_quantity)
VALUES('wendy.williams@example.com', 'Onions', 3);
INSERT INTO farmer_inventories(farmer_id, product_name, product_quantity)
VALUES('wendy.williams@example.com', 'Truffles', 335);
INSERT INTO farmer_inventories(farmer_id, product_name, product_quantity)
VALUES('wendy.williams@example.com', 'Radishes', 408);
INSERT INTO farmer_inventories(farmer_id, product_name, product_quantity)
VALUES('wendy.williams@example.com', 'Kidney Beans', 421);
INSERT INTO farmer_inventories(farmer_id, product_name, product_quantity)
VALUES('xavier.collins@example.com', 'Pears', 412);
INSERT INTO farmer_inventories(farmer_id, product_name, product_quantity)
VALUES('xavier.collins@example.com', 'Peanuts', 73);
INSERT INTO farmer_inventories(farmer_id, product_name, product_quantity)
VALUES('xavier.collins@example.com', 'Walnuts', 38);
INSERT INTO farmer_inventories(farmer_id, product_name, product_quantity)
VALUES('xavier.collins@example.com', 'Celery', 250);
INSERT INTO farmer_inventories(farmer_id, product_name, product_quantity)
VALUES('xavier.collins@example.com', 'Corn', 130);
INSERT INTO farmer_inventories(farmer_id, product_name, product_quantity)
VALUES('xavier.collins@example.com', 'Raspberries', 142);
INSERT INTO farmer_inventories(farmer_id, product_name, product_quantity)
VALUES('xavier.collins@example.com', 'Barley', 289);
INSERT INTO farmer_inventories(farmer_id, product_name, product_quantity)
VALUES('xavier.collins@example.com', 'Pecans', 469);
INSERT INTO farmer_inventories(farmer_id, product_name, product_quantity)
VALUES('xavier.collins@example.com', 'Choy Sum', 97);
INSERT INTO farmer_inventories(farmer_id, product_name, product_quantity)
VALUES('xavier.collins@example.com', 'Safflower', 259);
INSERT INTO farmer_inventories(farmer_id, product_name, product_quantity)
VALUES('xavier.collins@example.com', 'Amaranth', 1);
INSERT INTO farmer_inventories(farmer_id, product_name, product_quantity)
VALUES('xavier.collins@example.com', 'Oranges', 48);
INSERT INTO farmer_inventories(farmer_id, product_name, product_quantity)
VALUES('xavier.collins@example.com', 'Soybeans', 374);
INSERT INTO farmer_inventories(farmer_id, product_name, product_quantity)
VALUES('xavier.collins@example.com', 'Jackfruit', 428);
INSERT INTO farmer_inventories(farmer_id, product_name, product_quantity)
VALUES('xavier.collins@example.com', 'Pinto Beans', 255);
INSERT INTO farmer_inventories(farmer_id, product_name, product_quantity)
VALUES('xavier.collins@example.com', 'Coffee', 341);
INSERT INTO farmer_inventories(farmer_id, product_name, product_quantity)
VALUES('xavier.collins@example.com', 'Almonds', 181);
INSERT INTO farmer_inventories(farmer_id, product_name, product_quantity)
VALUES('xavier.collins@example.com', 'Blackberries', 481);
INSERT INTO farmer_inventories(farmer_id, product_name, product_quantity)
VALUES('xavier.collins@example.com', 'Flax', 60);
INSERT INTO farmer_inventories(farmer_id, product_name, product_quantity)
VALUES('xavier.collins@example.com', 'Vanilla', 205);
INSERT INTO farmer_inventories(farmer_id, product_name, product_quantity)
VALUES('yasmine.stewart@example.com', 'Spirulina', 465);
INSERT INTO farmer_inventories(farmer_id, product_name, product_quantity)
VALUES('yasmine.stewart@example.com', 'Figs', 194);
INSERT INTO farmer_inventories(farmer_id, product_name, product_quantity)
VALUES('yasmine.stewart@example.com', 'Cherries', 22);
INSERT INTO farmer_inventories(farmer_id, product_name, product_quantity)
VALUES('yasmine.stewart@example.com', 'Ginger', 254);
INSERT INTO farmer_inventories(farmer_id, product_name, product_quantity)
VALUES('yasmine.stewart@example.com', 'Oranges', 410);
INSERT INTO farmer_inventories(farmer_id, product_name, product_quantity)
VALUES('yasmine.stewart@example.com', 'Eggplant', 294);
INSERT INTO farmer_inventories(farmer_id, product_name, product_quantity)
VALUES('yasmine.stewart@example.com', 'Sesame', 101);
INSERT INTO farmer_inventories(farmer_id, product_name, product_quantity)
VALUES('yasmine.stewart@example.com', 'Zucchini', 2);
INSERT INTO farmer_inventories(farmer_id, product_name, product_quantity)
VALUES('yasmine.stewart@example.com', 'Macadamia Nuts', 487);
INSERT INTO farmer_inventories(farmer_id, product_name, product_quantity)
VALUES('yasmine.stewart@example.com', 'Watercress', 38);
INSERT INTO farmer_inventories(farmer_id, product_name, product_quantity)
VALUES('yasmine.stewart@example.com', 'Soybeans', 134);
INSERT INTO farmer_inventories(farmer_id, product_name, product_quantity)
VALUES('yasmine.stewart@example.com', 'Spinach', 260);
INSERT INTO farmer_inventories(farmer_id, product_name, product_quantity)
VALUES('charlotte.white@example.com', 'Peanuts', 241);
INSERT INTO farmer_inventories(farmer_id, product_name, product_quantity)
VALUES('charlotte.white@example.com', 'Pineapples', 287);
INSERT INTO farmer_inventories(farmer_id, product_name, product_quantity)
VALUES('charlotte.white@example.com', 'Passion Fruit', 477);
INSERT INTO farmer_inventories(farmer_id, product_name, product_quantity)
VALUES('charlotte.white@example.com', 'Walnuts', 53);
INSERT INTO farmer_inventories(farmer_id, product_name, product_quantity)
VALUES('charlotte.white@example.com', 'Figs', 479);
INSERT INTO farmer_inventories(farmer_id, product_name, product_quantity)
VALUES('charlotte.white@example.com', 'Corn', 169);
INSERT INTO farmer_inventories(farmer_id, product_name, product_quantity)
VALUES('charlotte.white@example.com', 'Walnuts', 179);
INSERT INTO farmer_inventories(farmer_id, product_name, product_quantity)
VALUES('charlotte.white@example.com', 'Wheat', 44);
INSERT INTO farmer_inventories(farmer_id, product_name, product_quantity)
VALUES('charlotte.white@example.com', 'Durian', 66);
INSERT INTO farmer_inventories(farmer_id, product_name, product_quantity)
VALUES('charlotte.white@example.com', 'Zucchini', 73);
INSERT INTO farmer_inventories(farmer_id, product_name, product_quantity)
VALUES('charlotte.white@example.com', 'Flax', 342);
INSERT INTO farmer_inventories(farmer_id, product_name, product_quantity)
VALUES('charlotte.white@example.com', 'Pumpkins', 208);
INSERT INTO farmer_inventories(farmer_id, product_name, product_quantity)
VALUES('charlotte.white@example.com', 'Lettuce', 389);
INSERT INTO farmer_inventories(farmer_id, product_name, product_quantity)
VALUES('charlotte.white@example.com', 'Watercress', 45);
INSERT INTO farmer_inventories(farmer_id, product_name, product_quantity)
VALUES('ella.davis@example.com', 'Pinto Beans', 42);
INSERT INTO farmer_inventories(farmer_id, product_name, product_quantity)
VALUES('ella.davis@example.com', 'Vanilla', 398);
INSERT INTO farmer_inventories(farmer_id, product_name, product_quantity)
VALUES('ella.davis@example.com', 'Cassava', 383);
INSERT INTO farmer_inventories(farmer_id, product_name, product_quantity)
VALUES('ella.davis@example.com', 'Avocados', 487);
INSERT INTO farmer_inventories(farmer_id, product_name, product_quantity)
VALUES('henry.thompson@example.com', 'Raspberries', 386);
INSERT INTO farmer_inventories(farmer_id, product_name, product_quantity)
VALUES('henry.thompson@example.com', 'Lentils', 342);
INSERT INTO farmer_inventories(farmer_id, product_name, product_quantity)
VALUES('henry.thompson@example.com', 'Sorghum', 60);
INSERT INTO farmer_inventories(farmer_id, product_name, product_quantity)
VALUES('henry.thompson@example.com', 'Peanuts', 185);
INSERT INTO farmer_inventories(farmer_id, product_name, product_quantity)
VALUES('henry.thompson@example.com', 'Dates', 99);
INSERT INTO farmer_inventories(farmer_id, product_name, product_quantity)
VALUES('henry.thompson@example.com', 'Mushrooms', 496);
INSERT INTO farmer_inventories(farmer_id, product_name, product_quantity)
VALUES('henry.thompson@example.com', 'Cabbage', 64);
INSERT INTO farmer_inventories(farmer_id, product_name, product_quantity)
VALUES('henry.thompson@example.com', 'Tomatoes', 68);
INSERT INTO farmer_inventories(farmer_id, product_name, product_quantity)
VALUES('henry.thompson@example.com', 'Peanuts', 299);
INSERT INTO farmer_inventories(farmer_id, product_name, product_quantity)
VALUES('henry.thompson@example.com', 'Lentils', 251);
INSERT INTO farmer_inventories(farmer_id, product_name, product_quantity)
VALUES('henry.thompson@example.com', 'Chia Seeds', 130);
INSERT INTO farmer_inventories(farmer_id, product_name, product_quantity)
VALUES('henry.thompson@example.com', 'Pistachios', 83);
INSERT INTO farmer_inventories(farmer_id, product_name, product_quantity)
VALUES('henry.thompson@example.com', 'Mangoes', 361);
INSERT INTO farmer_inventories(farmer_id, product_name, product_quantity)
VALUES('henry.thompson@example.com', 'Kale', 250);
INSERT INTO farmer_inventories(farmer_id, product_name, product_quantity)
VALUES('henry.thompson@example.com', 'Carrots', 334);
INSERT INTO farmer_inventories(farmer_id, product_name, product_quantity)
VALUES('kaitlyn.lewis@example.com', 'Quinoa', 271);
INSERT INTO farmer_inventories(farmer_id, product_name, product_quantity)
VALUES('kaitlyn.lewis@example.com', 'Dates', 388);
INSERT INTO farmer_inventories(farmer_id, product_name, product_quantity)
VALUES('kaitlyn.lewis@example.com', 'Pistachios', 160);
INSERT INTO farmer_inventories(farmer_id, product_name, product_quantity)
VALUES('kaitlyn.lewis@example.com', 'Vanilla', 331);
INSERT INTO farmer_inventories(farmer_id, product_name, product_quantity)
VALUES('kaitlyn.lewis@example.com', 'Cocoa', 300);
INSERT INTO farmer_inventories(farmer_id, product_name, product_quantity)
VALUES('kaitlyn.lewis@example.com', 'Blackberries', 450);
INSERT INTO farmer_inventories(farmer_id, product_name, product_quantity)
VALUES('kaitlyn.lewis@example.com', 'Tomatoes', 246);
INSERT INTO farmer_inventories(farmer_id, product_name, product_quantity)
VALUES('kaitlyn.lewis@example.com', 'Taro', 441);
INSERT INTO farmer_inventories(farmer_id, product_name, product_quantity)
VALUES('kaitlyn.lewis@example.com', 'Plums', 126);
INSERT INTO farmer_inventories(farmer_id, product_name, product_quantity)
VALUES('kaitlyn.lewis@example.com', 'Bananas', 51);
INSERT INTO farmer_inventories(farmer_id, product_name, product_quantity)
VALUES('kaitlyn.lewis@example.com', 'Quinoa', 23);
INSERT INTO farmer_inventories(farmer_id, product_name, product_quantity)
VALUES('kaitlyn.lewis@example.com', 'Durian', 403);
INSERT INTO farmer_inventories(farmer_id, product_name, product_quantity)
VALUES('kaitlyn.lewis@example.com', 'Lettuce', 171);
INSERT INTO farmer_inventories(farmer_id, product_name, product_quantity)
VALUES('kaitlyn.lewis@example.com', 'Lima Beans', 446);
INSERT INTO farmer_inventories(farmer_id, product_name, product_quantity)
VALUES('kaitlyn.lewis@example.com', 'Oranges', 425);
INSERT INTO farmer_inventories(farmer_id, product_name, product_quantity)
VALUES('kaitlyn.lewis@example.com', 'Pecans', 171);
INSERT INTO farmer_inventories(farmer_id, product_name, product_quantity)
VALUES('kaitlyn.lewis@example.com', 'Squash', 154);
INSERT INTO farmer_inventories(farmer_id, product_name, product_quantity)
VALUES('mia.walker@example.com', 'Sweet Potatoes', 361);
INSERT INTO farmer_inventories(farmer_id, product_name, product_quantity)
VALUES('mia.walker@example.com', 'Raspberries', 57);
INSERT INTO farmer_inventories(farmer_id, product_name, product_quantity)
VALUES('mia.walker@example.com', 'Dates', 445);
INSERT INTO farmer_inventories(farmer_id, product_name, product_quantity)
VALUES('mia.walker@example.com', 'Cassava', 221);
INSERT INTO farmer_inventories(farmer_id, product_name, product_quantity)
VALUES('mia.walker@example.com', 'Bananas', 241);
INSERT INTO farmer_inventories(farmer_id, product_name, product_quantity)
VALUES('mia.walker@example.com', 'Jicama', 34);
INSERT INTO farmer_inventories(farmer_id, product_name, product_quantity)
VALUES('mia.walker@example.com', 'Cashews', 410);
INSERT INTO farmer_inventories(farmer_id, product_name, product_quantity)
VALUES('mia.walker@example.com', 'Seaweed', 474);
INSERT INTO farmer_inventories(farmer_id, product_name, product_quantity)
VALUES('mia.walker@example.com', 'Pumpkins', 405);
INSERT INTO farmer_inventories(farmer_id, product_name, product_quantity)
VALUES('mia.walker@example.com', 'Pineapples', 335);
INSERT INTO farmer_inventories(farmer_id, product_name, product_quantity)
VALUES('mia.walker@example.com', 'Tea', 310);
INSERT INTO farmer_inventories(farmer_id, product_name, product_quantity)
VALUES('mia.walker@example.com', 'Chia Seeds', 83);
INSERT INTO farmer_inventories(farmer_id, product_name, product_quantity)
VALUES('mia.walker@example.com', 'Carrots', 98);
INSERT INTO farmer_inventories(farmer_id, product_name, product_quantity)
VALUES('mia.walker@example.com', 'Spinach', 186);
INSERT INTO farmer_inventories(farmer_id, product_name, product_quantity)
VALUES('mia.walker@example.com', 'Bok Choy', 203);
INSERT INTO farmer_inventories(farmer_id, product_name, product_quantity)
VALUES('mia.walker@example.com', 'Eggplant', 221);
INSERT INTO farmer_inventories(farmer_id, product_name, product_quantity)
VALUES('patrick.adams@example.com', 'Carrots', 445);
INSERT INTO farmer_inventories(farmer_id, product_name, product_quantity)
VALUES('patrick.adams@example.com', 'Vanilla', 326);
INSERT INTO farmer_inventories(farmer_id, product_name, product_quantity)
VALUES('patrick.adams@example.com', 'Blueberries', 85);
INSERT INTO farmer_inventories(farmer_id, product_name, product_quantity)
VALUES('patrick.adams@example.com', 'Rhubarb', 273);
INSERT INTO farmer_inventories(farmer_id, product_name, product_quantity)
VALUES('patrick.adams@example.com', 'Pistachios', 86);
INSERT INTO farmer_inventories(farmer_id, product_name, product_quantity)
VALUES('patrick.adams@example.com', 'Lentils', 325);
INSERT INTO farmer_inventories(farmer_id, product_name, product_quantity)
VALUES('patrick.adams@example.com', 'Cottonseed', 410);
INSERT INTO farmer_inventories(farmer_id, product_name, product_quantity)
VALUES('patrick.adams@example.com', 'Peas', 490);
INSERT INTO farmer_inventories(farmer_id, product_name, product_quantity)
VALUES('patrick.adams@example.com', 'Turmeric', 380);
INSERT INTO farmer_inventories(farmer_id, product_name, product_quantity)
VALUES('patrick.adams@example.com', 'Spirulina', 192);
INSERT INTO farmer_inventories(farmer_id, product_name, product_quantity)
VALUES('patrick.adams@example.com', 'Pineapples', 209);
INSERT INTO farmer_inventories(farmer_id, product_name, product_quantity)
VALUES('patrick.adams@example.com', 'Oats', 65);
INSERT INTO farmer_inventories(farmer_id, product_name, product_quantity)
VALUES('patrick.adams@example.com', 'Strawberries', 253);
INSERT INTO farmer_inventories(farmer_id, product_name, product_quantity)
VALUES('patrick.adams@example.com', 'Carrots', 5);
INSERT INTO farmer_inventories(farmer_id, product_name, product_quantity)
VALUES('patrick.adams@example.com', 'Rapeseed', 350);
INSERT INTO farmer_inventories(farmer_id, product_name, product_quantity)
VALUES('patrick.adams@example.com', 'Peppers', 347);
INSERT INTO farmer_inventories(farmer_id, product_name, product_quantity)
VALUES('quinn.mitchell@example.com', 'Lettuce', 493);
INSERT INTO farmer_inventories(farmer_id, product_name, product_quantity)
VALUES('quinn.mitchell@example.com', 'Choy Sum', 426);
INSERT INTO farmer_inventories(farmer_id, product_name, product_quantity)
VALUES('quinn.mitchell@example.com', 'Asparagus', 331);
INSERT INTO farmer_inventories(farmer_id, product_name, product_quantity)
VALUES('quinn.mitchell@example.com', 'Lima Beans', 121);
INSERT INTO farmer_inventories(farmer_id, product_name, product_quantity)
VALUES('quinn.mitchell@example.com', 'Truffles', 148);
INSERT INTO farmer_inventories(farmer_id, product_name, product_quantity)
VALUES('quinn.mitchell@example.com', 'Kelp', 43);
INSERT INTO farmer_inventories(farmer_id, product_name, product_quantity)
VALUES('quinn.mitchell@example.com', 'Squash', 327);
INSERT INTO farmer_inventories(farmer_id, product_name, product_quantity)
VALUES('quinn.mitchell@example.com', 'Zucchini', 392);
INSERT INTO farmer_inventories(farmer_id, product_name, product_quantity)
VALUES('quinn.mitchell@example.com', 'Kidney Beans', 141);
INSERT INTO farmer_inventories(farmer_id, product_name, product_quantity)
VALUES('quinn.mitchell@example.com', 'Bananas', 2);
INSERT INTO farmer_inventories(farmer_id, product_name, product_quantity)
VALUES('quinn.mitchell@example.com', 'Dates', 436);
INSERT INTO farmer_inventories(farmer_id, product_name, product_quantity)
VALUES('quinn.mitchell@example.com', 'Pinto Beans', 420);
INSERT INTO farmer_inventories(farmer_id, product_name, product_quantity)
VALUES('quinn.mitchell@example.com', 'Cocoa', 120);
INSERT INTO farmer_inventories(farmer_id, product_name, product_quantity)
VALUES('quinn.mitchell@example.com', 'Barley', 72);
INSERT INTO farmer_inventories(farmer_id, product_name, product_quantity)
VALUES('henry.murphy@example.com', 'Tea', 263);
INSERT INTO farmer_inventories(farmer_id, product_name, product_quantity)
VALUES('henry.murphy@example.com', 'Vanilla', 426);
INSERT INTO farmer_inventories(farmer_id, product_name, product_quantity)
VALUES('henry.murphy@example.com', 'Peas', 284);
INSERT INTO farmer_inventories(farmer_id, product_name, product_quantity)
VALUES('henry.murphy@example.com', 'Garlic', 171);
INSERT INTO farmer_inventories(farmer_id, product_name, product_quantity)
VALUES('henry.murphy@example.com', 'Turmeric', 62);
INSERT INTO farmer_inventories(farmer_id, product_name, product_quantity)
VALUES('henry.murphy@example.com', 'Beets', 415);
INSERT INTO farmer_inventories(farmer_id, product_name, product_quantity)
VALUES('henry.murphy@example.com', 'Sweet Potatoes', 330);
INSERT INTO farmer_inventories(farmer_id, product_name, product_quantity)
VALUES('henry.murphy@example.com', 'Artichokes', 39);
INSERT INTO farmer_inventories(farmer_id, product_name, product_quantity)
VALUES('henry.murphy@example.com', 'Strawberries', 458);
INSERT INTO farmer_inventories(farmer_id, product_name, product_quantity)
VALUES('henry.murphy@example.com', 'Honeydew Melon', 316);
INSERT INTO farmer_inventories(farmer_id, product_name, product_quantity)
VALUES('henry.murphy@example.com', 'Plums', 260);
INSERT INTO farmer_inventories(farmer_id, product_name, product_quantity)
VALUES('henry.murphy@example.com', 'Peaches', 157);
INSERT INTO farmer_inventories(farmer_id, product_name, product_quantity)
VALUES('isabella.edwards@example.com', 'Papayas', 470);
INSERT INTO farmer_inventories(farmer_id, product_name, product_quantity)
VALUES('isabella.edwards@example.com', 'Soybeans', 317);
INSERT INTO farmer_inventories(farmer_id, product_name, product_quantity)
VALUES('isabella.edwards@example.com', 'Vanilla', 63);
INSERT INTO farmer_inventories(farmer_id, product_name, product_quantity)
VALUES('isabella.edwards@example.com', 'Sesame', 312);
INSERT INTO farmer_inventories(farmer_id, product_name, product_quantity)
VALUES('isabella.edwards@example.com', 'Almonds', 437);
INSERT INTO farmer_inventories(farmer_id, product_name, product_quantity)
VALUES('isabella.edwards@example.com', 'Truffles', 480);
INSERT INTO farmer_inventories(farmer_id, product_name, product_quantity)
VALUES('isabella.edwards@example.com', 'Almonds', 369);
INSERT INTO farmer_inventories(farmer_id, product_name, product_quantity)
VALUES('isabella.edwards@example.com', 'Durian', 90);
INSERT INTO farmer_inventories(farmer_id, product_name, product_quantity)
VALUES('isabella.edwards@example.com', 'Okra', 46);
INSERT INTO farmer_inventories(farmer_id, product_name, product_quantity)
VALUES('isabella.edwards@example.com', 'Beets', 290);
INSERT INTO farmer_inventories(farmer_id, product_name, product_quantity)
VALUES('isabella.edwards@example.com', 'Artichokes', 257);
INSERT INTO farmer_inventories(farmer_id, product_name, product_quantity)
VALUES('isabella.edwards@example.com', 'Macadamia Nuts', 338);
INSERT INTO farmer_inventories(farmer_id, product_name, product_quantity)
VALUES('isabella.edwards@example.com', 'Spirulina', 356);
INSERT INTO farmer_inventories(farmer_id, product_name, product_quantity)
VALUES('isabella.edwards@example.com', 'Nopales', 123);
INSERT INTO farmer_inventories(farmer_id, product_name, product_quantity)
VALUES('isabella.edwards@example.com', 'Pinto Beans', 495);
INSERT INTO farmer_inventories(farmer_id, product_name, product_quantity)
VALUES('isabella.edwards@example.com', 'Lima Beans', 372);
INSERT INTO farmer_inventories(farmer_id, product_name, product_quantity)
VALUES('isabella.edwards@example.com', 'Onions', 269);
INSERT INTO farmer_inventories(farmer_id, product_name, product_quantity)
VALUES('isabella.edwards@example.com', 'Lettuce', 494);
INSERT INTO farmer_inventories(farmer_id, product_name, product_quantity)
VALUES('jacob.stewart@example.com', 'Amaranth', 197);
INSERT INTO farmer_inventories(farmer_id, product_name, product_quantity)
VALUES('quinn.baker@example.com', 'Celery', 216);
INSERT INTO farmer_inventories(farmer_id, product_name, product_quantity)
VALUES('quinn.baker@example.com', 'Pears', 269);
INSERT INTO farmer_inventories(farmer_id, product_name, product_quantity)
VALUES('quinn.baker@example.com', 'Peaches', 154);
INSERT INTO farmer_inventories(farmer_id, product_name, product_quantity)
VALUES('quinn.baker@example.com', 'Macadamia Nuts', 236);
INSERT INTO farmer_inventories(farmer_id, product_name, product_quantity)
VALUES('quinn.baker@example.com', 'Oranges', 104);
INSERT INTO farmer_inventories(farmer_id, product_name, product_quantity)
VALUES('quinn.baker@example.com', 'Jicama', 288);
INSERT INTO farmer_inventories(farmer_id, product_name, product_quantity)
VALUES('quinn.baker@example.com', 'Taro', 235);
INSERT INTO farmer_inventories(farmer_id, product_name, product_quantity)
VALUES('quinn.baker@example.com', 'Mangoes', 317);
INSERT INTO farmer_inventories(farmer_id, product_name, product_quantity)
VALUES('quinn.baker@example.com', 'Quinoa', 216);
INSERT INTO farmer_inventories(farmer_id, product_name, product_quantity)
VALUES('quinn.baker@example.com', 'Cotton', 76);
INSERT INTO farmer_inventories(farmer_id, product_name, product_quantity)
VALUES('quinn.baker@example.com', 'Cucumbers', 455);
INSERT INTO farmer_inventories(farmer_id, product_name, product_quantity)
VALUES('quinn.baker@example.com', 'Chickpeas', 404);
INSERT INTO farmer_inventories(farmer_id, product_name, product_quantity)
VALUES('quinn.baker@example.com', 'Green Beans', 298);
INSERT INTO farmer_inventories(farmer_id, product_name, product_quantity)
VALUES('quinn.baker@example.com', 'Cantaloupe', 388);
INSERT INTO farmer_inventories(farmer_id, product_name, product_quantity)
VALUES('quinn.baker@example.com', 'Asparagus', 368);
INSERT INTO farmer_inventories(farmer_id, product_name, product_quantity)
VALUES('quinn.baker@example.com', 'Soybeans', 222);
INSERT INTO farmer_inventories(farmer_id, product_name, product_quantity)
VALUES('samuel.bennett@example.com', 'Kelp', 284);
INSERT INTO farmer_inventories(farmer_id, product_name, product_quantity)
VALUES('samuel.bennett@example.com', 'Durian', 315);
INSERT INTO farmer_inventories(farmer_id, product_name, product_quantity)
VALUES('samuel.bennett@example.com', 'Peaches', 259);
INSERT INTO farmer_inventories(farmer_id, product_name, product_quantity)
VALUES('samuel.bennett@example.com', 'Wheat', 374);
INSERT INTO farmer_inventories(farmer_id, product_name, product_quantity)
VALUES('samuel.bennett@example.com', 'Kidney Beans', 2);
INSERT INTO farmer_inventories(farmer_id, product_name, product_quantity)
VALUES('samuel.bennett@example.com', 'Kale', 230);
INSERT INTO farmer_inventories(farmer_id, product_name, product_quantity)
VALUES('samuel.bennett@example.com', 'Tomatoes', 216);
INSERT INTO farmer_inventories(farmer_id, product_name, product_quantity)
VALUES('samuel.bennett@example.com', 'Macadamia Nuts', 103);
INSERT INTO farmer_inventories(farmer_id, product_name, product_quantity)
VALUES('samuel.bennett@example.com', 'Macadamia Nuts', 252);
INSERT INTO farmer_inventories(farmer_id, product_name, product_quantity)
VALUES('samuel.bennett@example.com', 'Cauliflower', 130);
INSERT INTO farmer_inventories(farmer_id, product_name, product_quantity)
VALUES('samuel.bennett@example.com', 'Spirulina', 97);
INSERT INTO farmer_inventories(farmer_id, product_name, product_quantity)
VALUES('samuel.bennett@example.com', 'Sugarcane', 16);
INSERT INTO farmer_inventories(farmer_id, product_name, product_quantity)
VALUES('vincent.hayes@example.com', 'Rapeseed', 423);
INSERT INTO farmer_inventories(farmer_id, product_name, product_quantity)
VALUES('vincent.hayes@example.com', 'Squash', 449);
INSERT INTO farmer_inventories(farmer_id, product_name, product_quantity)
VALUES('vincent.hayes@example.com', 'Soybeans', 205);
INSERT INTO farmer_inventories(farmer_id, product_name, product_quantity)
VALUES('vincent.hayes@example.com', 'Rhubarb', 265);
INSERT INTO farmer_inventories(farmer_id, product_name, product_quantity)
VALUES('abigail.gray@example.com', 'Grapes', 310);
INSERT INTO farmer_inventories(farmer_id, product_name, product_quantity)
VALUES('abigail.gray@example.com', 'Hazelnuts', 298);
INSERT INTO farmer_inventories(farmer_id, product_name, product_quantity)
VALUES('abigail.gray@example.com', 'Corn', 82);
INSERT INTO farmer_inventories(farmer_id, product_name, product_quantity)
VALUES('abigail.gray@example.com', 'Kidney Beans', 422);
INSERT INTO farmer_inventories(farmer_id, product_name, product_quantity)
VALUES('abigail.gray@example.com', 'Cassava', 314);
INSERT INTO farmer_inventories(farmer_id, product_name, product_quantity)
VALUES('abigail.gray@example.com', 'Jicama', 81);
INSERT INTO farmer_inventories(farmer_id, product_name, product_quantity)
VALUES('abigail.gray@example.com', 'Cherries', 110);
INSERT INTO farmer_inventories(farmer_id, product_name, product_quantity)
VALUES('abigail.gray@example.com', 'Nectarines', 497);
INSERT INTO farmer_inventories(farmer_id, product_name, product_quantity)
VALUES('abigail.gray@example.com', 'Avocados', 202);
INSERT INTO farmer_inventories(farmer_id, product_name, product_quantity)
VALUES('abigail.gray@example.com', 'Peaches', 70);
INSERT INTO farmer_inventories(farmer_id, product_name, product_quantity)
VALUES('abigail.gray@example.com', 'Oats', 447);
INSERT INTO farmer_inventories(farmer_id, product_name, product_quantity)
VALUES('abigail.gray@example.com', 'Avocados', 252);
INSERT INTO farmer_inventories(farmer_id, product_name, product_quantity)
VALUES('abigail.gray@example.com', 'Pinto Beans', 498);
INSERT INTO farmer_inventories(farmer_id, product_name, product_quantity)
VALUES('abigail.gray@example.com', 'Lychee', 214);
INSERT INTO farmer_inventories(farmer_id, product_name, product_quantity)
VALUES('abigail.gray@example.com', 'Cucumbers', 330);
INSERT INTO farmer_inventories(farmer_id, product_name, product_quantity)
VALUES('daniel.howard@example.com', 'Turnips', 252);
INSERT INTO farmer_inventories(farmer_id, product_name, product_quantity)
VALUES('daniel.howard@example.com', 'Bok Choy', 470);
INSERT INTO farmer_inventories(farmer_id, product_name, product_quantity)
VALUES('daniel.howard@example.com', 'Broccoli', 464);
INSERT INTO farmer_inventories(farmer_id, product_name, product_quantity)
VALUES('daniel.howard@example.com', 'Safflower', 63);
INSERT INTO farmer_inventories(farmer_id, product_name, product_quantity)
VALUES('daniel.howard@example.com', 'Kidney Beans', 328);
INSERT INTO farmer_inventories(farmer_id, product_name, product_quantity)
VALUES('daniel.howard@example.com', 'Celery', 230);
INSERT INTO farmer_inventories(farmer_id, product_name, product_quantity)
VALUES('daniel.howard@example.com', 'Tomatoes', 141);
INSERT INTO farmer_inventories(farmer_id, product_name, product_quantity)
VALUES('daniel.howard@example.com', 'Barley', 175);
INSERT INTO farmer_inventories(farmer_id, product_name, product_quantity)
VALUES('daniel.howard@example.com', 'Bamboo Shoots', 127);
INSERT INTO farmer_inventories(farmer_id, product_name, product_quantity)
VALUES('daniel.howard@example.com', 'Pears', 469);
INSERT INTO farmer_inventories(farmer_id, product_name, product_quantity)
VALUES('daniel.howard@example.com', 'Wheat', 280);
INSERT INTO farmer_inventories(farmer_id, product_name, product_quantity)
VALUES('daniel.howard@example.com', 'Cabbage', 308);
INSERT INTO farmer_inventories(farmer_id, product_name, product_quantity)
VALUES('daniel.howard@example.com', 'Spinach', 322);
INSERT INTO farmer_inventories(farmer_id, product_name, product_quantity)
VALUES('daniel.howard@example.com', 'Durian', 205);
INSERT INTO farmer_inventories(farmer_id, product_name, product_quantity)
VALUES('jacob.fisher@example.com', 'Artichokes', 219);
INSERT INTO farmer_inventories(farmer_id, product_name, product_quantity)
VALUES('jacob.fisher@example.com', 'Peaches', 197);
INSERT INTO farmer_inventories(farmer_id, product_name, product_quantity)
VALUES('jacob.fisher@example.com', 'Ginger', 404);
INSERT INTO farmer_inventories(farmer_id, product_name, product_quantity)
VALUES('jacob.fisher@example.com', 'Pineapples', 263);
INSERT INTO farmer_inventories(farmer_id, product_name, product_quantity)
VALUES('jacob.fisher@example.com', 'Pineapples', 8);
INSERT INTO farmer_inventories(farmer_id, product_name, product_quantity)
VALUES('jacob.fisher@example.com', 'Nectarines', 361);
INSERT INTO farmer_inventories(farmer_id, product_name, product_quantity)
VALUES('jacob.fisher@example.com', 'Blackberries', 207);
INSERT INTO farmer_inventories(farmer_id, product_name, product_quantity)
VALUES('jacob.fisher@example.com', 'Cocoa', 222);
INSERT INTO farmer_inventories(farmer_id, product_name, product_quantity)
VALUES('jacob.fisher@example.com', 'Bamboo Shoots', 236);
INSERT INTO farmer_inventories(farmer_id, product_name, product_quantity)
VALUES('jacob.fisher@example.com', 'Choy Sum', 253);
INSERT INTO farmer_inventories(farmer_id, product_name, product_quantity)
VALUES('jacob.fisher@example.com', 'Seaweed', 289);
INSERT INTO farmer_inventories(farmer_id, product_name, product_quantity)
VALUES('jacob.fisher@example.com', 'Watercress', 353);
INSERT INTO farmer_inventories(farmer_id, product_name, product_quantity)
VALUES('jacob.fisher@example.com', 'Beets', 375);
INSERT INTO farmer_inventories(farmer_id, product_name, product_quantity)
VALUES('jacob.fisher@example.com', 'Soybeans', 197);
INSERT INTO farmer_inventories(farmer_id, product_name, product_quantity)
VALUES('liam.bishop@example.com', 'Papayas', 271);
INSERT INTO farmer_inventories(farmer_id, product_name, product_quantity)
VALUES('liam.bishop@example.com', 'Honeydew Melon', 29);
INSERT INTO farmer_inventories(farmer_id, product_name, product_quantity)
VALUES('liam.bishop@example.com', 'Strawberries', 392);
INSERT INTO farmer_inventories(farmer_id, product_name, product_quantity)
VALUES('liam.bishop@example.com', 'Strawberries', 169);
INSERT INTO farmer_inventories(farmer_id, product_name, product_quantity)
VALUES('liam.bishop@example.com', 'Macadamia Nuts', 75);
INSERT INTO farmer_inventories(farmer_id, product_name, product_quantity)
VALUES('liam.bishop@example.com', 'Turnips', 13);
INSERT INTO farmer_inventories(farmer_id, product_name, product_quantity)
VALUES('liam.bishop@example.com', 'Peaches', 50);
INSERT INTO farmer_inventories(farmer_id, product_name, product_quantity)
VALUES('liam.bishop@example.com', 'Corn', 203);
INSERT INTO farmer_inventories(farmer_id, product_name, product_quantity)
VALUES('liam.bishop@example.com', 'Bok Choy', 110);
INSERT INTO farmer_inventories(farmer_id, product_name, product_quantity)
VALUES('liam.bishop@example.com', 'Wheat', 404);
INSERT INTO farmer_inventories(farmer_id, product_name, product_quantity)
VALUES('liam.bishop@example.com', 'Hazelnuts', 305);
INSERT INTO farmer_inventories(farmer_id, product_name, product_quantity)
VALUES('liam.bishop@example.com', 'Carrots', 147);
INSERT INTO farmer_inventories(farmer_id, product_name, product_quantity)
VALUES('liam.bishop@example.com', 'Zucchini', 265);
INSERT INTO farmer_inventories(farmer_id, product_name, product_quantity)
VALUES('liam.bishop@example.com', 'Eggplant', 302);
INSERT INTO farmer_inventories(farmer_id, product_name, product_quantity)
VALUES('liam.bishop@example.com', 'Green Beans', 402);
INSERT INTO farmer_inventories(farmer_id, product_name, product_quantity)
VALUES('liam.bishop@example.com', 'Tea', 280);
INSERT INTO farmer_inventories(farmer_id, product_name, product_quantity)
VALUES('liam.bishop@example.com', 'Beets', 91);
INSERT INTO farmer_inventories(farmer_id, product_name, product_quantity)
VALUES('liam.bishop@example.com', 'Sugar Cane', 353);
INSERT INTO farmer_inventories(farmer_id, product_name, product_quantity)
VALUES('liam.bishop@example.com', 'Seaweed', 182);
INSERT INTO farmer_inventories(farmer_id, product_name, product_quantity)
VALUES('olivia.reyes@example.com', 'Lettuce', 61);
INSERT INTO farmer_inventories(farmer_id, product_name, product_quantity)
VALUES('olivia.reyes@example.com', 'Rhubarb', 496);
INSERT INTO farmer_inventories(farmer_id, product_name, product_quantity)
VALUES('olivia.reyes@example.com', 'Hemp', 174);
INSERT INTO farmer_inventories(farmer_id, product_name, product_quantity)
VALUES('olivia.reyes@example.com', 'Pinto Beans', 420);
INSERT INTO farmer_inventories(farmer_id, product_name, product_quantity)
VALUES('olivia.reyes@example.com', 'Lychee', 331);
INSERT INTO farmer_inventories(farmer_id, product_name, product_quantity)
VALUES('olivia.reyes@example.com', 'Quinoa', 339);
INSERT INTO farmer_inventories(farmer_id, product_name, product_quantity)
VALUES('olivia.reyes@example.com', 'Dates', 305);
INSERT INTO farmer_inventories(farmer_id, product_name, product_quantity)
VALUES('olivia.reyes@example.com', 'Sorghum', 334);
INSERT INTO farmer_inventories(farmer_id, product_name, product_quantity)
VALUES('olivia.reyes@example.com', 'Choy Sum', 47);
INSERT INTO farmer_inventories(farmer_id, product_name, product_quantity)
VALUES('olivia.reyes@example.com', 'Sesame', 93);
INSERT INTO farmer_inventories(farmer_id, product_name, product_quantity)
VALUES('olivia.reyes@example.com', 'Beets', 87);
INSERT INTO farmer_inventories(farmer_id, product_name, product_quantity)
VALUES('olivia.reyes@example.com', 'Artichokes', 17);
INSERT INTO farmer_inventories(farmer_id, product_name, product_quantity)
VALUES('quinn.ross@example.com', 'Spinach', 161);
INSERT INTO farmer_inventories(farmer_id, product_name, product_quantity)
VALUES('quinn.ross@example.com', 'Garlic', 432);
INSERT INTO farmer_inventories(farmer_id, product_name, product_quantity)
VALUES('quinn.ross@example.com', 'Artichokes', 209);
INSERT INTO farmer_inventories(farmer_id, product_name, product_quantity)
VALUES('quinn.ross@example.com', 'Passion Fruit', 421);
INSERT INTO farmer_inventories(farmer_id, product_name, product_quantity)
VALUES('quinn.ross@example.com', 'Quinoa', 104);
INSERT INTO farmer_inventories(farmer_id, product_name, product_quantity)
VALUES('quinn.ross@example.com', 'Potatoes', 471);
INSERT INTO farmer_inventories(farmer_id, product_name, product_quantity)
VALUES('quinn.ross@example.com', 'Spirulina', 223);
INSERT INTO farmer_inventories(farmer_id, product_name, product_quantity)
VALUES('quinn.ross@example.com', 'Durian', 330);
INSERT INTO farmer_inventories(farmer_id, product_name, product_quantity)
VALUES('quinn.ross@example.com', 'Spirulina', 207);
INSERT INTO farmer_inventories(farmer_id, product_name, product_quantity)
VALUES('ursula.alexander@example.com', 'Artichokes', 437);
INSERT INTO farmer_inventories(farmer_id, product_name, product_quantity)
VALUES('ursula.alexander@example.com', 'Green Beans', 217);
INSERT INTO farmer_inventories(farmer_id, product_name, product_quantity)
VALUES('ursula.alexander@example.com', 'Kiwifruit', 480);
INSERT INTO farmer_inventories(farmer_id, product_name, product_quantity)
VALUES('ursula.alexander@example.com', 'Onions', 15);
INSERT INTO farmer_inventories(farmer_id, product_name, product_quantity)
VALUES('ursula.alexander@example.com', 'Pinto Beans', 119);
INSERT INTO farmer_inventories(farmer_id, product_name, product_quantity)
VALUES('ursula.alexander@example.com', 'Dulse', 286);
INSERT INTO farmer_inventories(farmer_id, product_name, product_quantity)
VALUES('ursula.alexander@example.com', 'Lentils', 11);
INSERT INTO farmer_inventories(farmer_id, product_name, product_quantity)
VALUES('ursula.alexander@example.com', 'Cassava', 15);
INSERT INTO farmer_inventories(farmer_id, product_name, product_quantity)
VALUES('ursula.alexander@example.com', 'Celery', 335);
INSERT INTO farmer_inventories(farmer_id, product_name, product_quantity)
VALUES('ursula.alexander@example.com', 'Chickpeas', 141);
INSERT INTO farmer_inventories(farmer_id, product_name, product_quantity)
VALUES('ursula.alexander@example.com', 'Sugarcane', 460);
INSERT INTO farmer_inventories(farmer_id, product_name, product_quantity)
VALUES('ursula.alexander@example.com', 'Black Beans', 183);
INSERT INTO farmer_inventories(farmer_id, product_name, product_quantity)
VALUES('ursula.alexander@example.com', 'Kale', 91);
INSERT INTO farmer_inventories(farmer_id, product_name, product_quantity)
VALUES('ursula.alexander@example.com', 'Chia Seeds', 224);
INSERT INTO farmer_inventories(farmer_id, product_name, product_quantity)
VALUES('ursula.alexander@example.com', 'Papayas', 460);
INSERT INTO farmer_inventories(farmer_id, product_name, product_quantity)
VALUES('ursula.alexander@example.com', 'Lentils', 62);
INSERT INTO farmer_inventories(farmer_id, product_name, product_quantity)
VALUES('ursula.alexander@example.com', 'Plums', 469);
INSERT INTO farmer_inventories(farmer_id, product_name, product_quantity)
VALUES('ursula.alexander@example.com', 'Hemp', 262);
INSERT INTO farmer_inventories(farmer_id, product_name, product_quantity)
VALUES('zachary.powell@example.com', 'Nopales', 89);
INSERT INTO farmer_inventories(farmer_id, product_name, product_quantity)
VALUES('zachary.powell@example.com', 'Oats', 135);
INSERT INTO farmer_inventories(farmer_id, product_name, product_quantity)
VALUES('zachary.powell@example.com', 'Passion Fruit', 432);
INSERT INTO farmer_inventories(farmer_id, product_name, product_quantity)
VALUES('zachary.powell@example.com', 'Lychee', 50);
INSERT INTO farmer_inventories(farmer_id, product_name, product_quantity)
VALUES('zachary.powell@example.com', 'Sugar Cane', 392);
INSERT INTO farmer_inventories(farmer_id, product_name, product_quantity)
VALUES('zachary.powell@example.com', 'Sunflowers', 393);
INSERT INTO farmer_inventories(farmer_id, product_name, product_quantity)
VALUES('zachary.powell@example.com', 'Ginger', 482);
INSERT INTO farmer_inventories(farmer_id, product_name, product_quantity)
VALUES('benjamin.bryant@example.com', 'Peanuts', 11);
INSERT INTO farmer_inventories(farmer_id, product_name, product_quantity)
VALUES('benjamin.bryant@example.com', 'Cotton', 431);
INSERT INTO farmer_inventories(farmer_id, product_name, product_quantity)
VALUES('benjamin.bryant@example.com', 'Taro', 76);
INSERT INTO farmer_inventories(farmer_id, product_name, product_quantity)
VALUES('benjamin.bryant@example.com', 'Mangoes', 498);
INSERT INTO farmer_inventories(farmer_id, product_name, product_quantity)
VALUES('benjamin.bryant@example.com', 'Wheat', 309);
INSERT INTO farmer_inventories(farmer_id, product_name, product_quantity)
VALUES('benjamin.bryant@example.com', 'Garlic', 400);
INSERT INTO farmer_inventories(farmer_id, product_name, product_quantity)
VALUES('benjamin.bryant@example.com', 'Cocoa', 412);
INSERT INTO farmer_inventories(farmer_id, product_name, product_quantity)
VALUES('benjamin.bryant@example.com', 'Chia Seeds', 177);
INSERT INTO farmer_inventories(farmer_id, product_name, product_quantity)
VALUES('benjamin.bryant@example.com', 'Oranges', 430);
INSERT INTO farmer_inventories(farmer_id, product_name, product_quantity)
VALUES('benjamin.bryant@example.com', 'Jicama', 269);
INSERT INTO farmer_inventories(farmer_id, product_name, product_quantity)
VALUES('benjamin.bryant@example.com', 'Jicama', 59);
INSERT INTO farmer_inventories(farmer_id, product_name, product_quantity)
VALUES('benjamin.bryant@example.com', 'Sorghum', 369);
INSERT INTO farmer_inventories(farmer_id, product_name, product_quantity)
VALUES('benjamin.bryant@example.com', 'Cucumbers', 384);
INSERT INTO farmer_inventories(farmer_id, product_name, product_quantity)
VALUES('benjamin.bryant@example.com', 'Kiwifruit', 169);
INSERT INTO farmer_inventories(farmer_id, product_name, product_quantity)
VALUES('frederick.henderson@example.com', 'Raspberries', 136);
INSERT INTO farmer_inventories(farmer_id, product_name, product_quantity)
VALUES('frederick.henderson@example.com', 'Durian', 50);
INSERT INTO farmer_inventories(farmer_id, product_name, product_quantity)
VALUES('frederick.henderson@example.com', 'Cucumbers', 69);
INSERT INTO farmer_inventories(farmer_id, product_name, product_quantity)
VALUES('frederick.henderson@example.com', 'Sorghum', 447);
INSERT INTO farmer_inventories(farmer_id, product_name, product_quantity)
VALUES('frederick.henderson@example.com', 'Onions', 2);
INSERT INTO farmer_inventories(farmer_id, product_name, product_quantity)
VALUES('frederick.henderson@example.com', 'Potatoes', 305);
INSERT INTO farmer_inventories(farmer_id, product_name, product_quantity)
VALUES('frederick.henderson@example.com', 'Broccoli', 214);
INSERT INTO farmer_inventories(farmer_id, product_name, product_quantity)
VALUES('frederick.henderson@example.com', 'Pears', 39);
INSERT INTO farmer_inventories(farmer_id, product_name, product_quantity)
VALUES('frederick.henderson@example.com', 'Cauliflower', 494);
INSERT INTO farmer_inventories(farmer_id, product_name, product_quantity)
VALUES('olivia.morris@example.com', 'Coconuts', 192);
INSERT INTO farmer_inventories(farmer_id, product_name, product_quantity)
VALUES('olivia.morris@example.com', 'Apples', 488);
INSERT INTO farmer_inventories(farmer_id, product_name, product_quantity)
VALUES('olivia.morris@example.com', 'Eggplant', 302);
INSERT INTO farmer_inventories(farmer_id, product_name, product_quantity)
VALUES('olivia.morris@example.com', 'Mangoes', 400);
INSERT INTO farmer_inventories(farmer_id, product_name, product_quantity)
VALUES('olivia.morris@example.com', 'Cucumbers', 398);
INSERT INTO farmer_inventories(farmer_id, product_name, product_quantity)
VALUES('olivia.morris@example.com', 'Coconuts', 89);
INSERT INTO farmer_inventories(farmer_id, product_name, product_quantity)
VALUES('olivia.morris@example.com', 'Eggplant', 165);
INSERT INTO farmer_inventories(farmer_id, product_name, product_quantity)
VALUES('olivia.morris@example.com', 'Oats', 368);
INSERT INTO farmer_inventories(farmer_id, product_name, product_quantity)
VALUES('olivia.morris@example.com', 'Guava', 319);
INSERT INTO farmer_inventories(farmer_id, product_name, product_quantity)
VALUES('olivia.morris@example.com', 'Papayas', 123);
INSERT INTO farmer_inventories(farmer_id, product_name, product_quantity)
VALUES('olivia.morris@example.com', 'Asparagus', 216);
INSERT INTO farmer_inventories(farmer_id, product_name, product_quantity)
VALUES('olivia.morris@example.com', 'Durian', 330);
INSERT INTO farmer_inventories(farmer_id, product_name, product_quantity)
VALUES('olivia.morris@example.com', 'Oats', 448);
INSERT INTO farmer_inventories(farmer_id, product_name, product_quantity)
VALUES('olivia.morris@example.com', 'Asparagus', 415);
INSERT INTO farmer_inventories(farmer_id, product_name, product_quantity)
VALUES('olivia.morris@example.com', 'Lychee', 318);
INSERT INTO farmer_inventories(farmer_id, product_name, product_quantity)
VALUES('quinn.lopez@example.com', 'Grapes', 423);
INSERT INTO farmer_inventories(farmer_id, product_name, product_quantity)
VALUES('quinn.lopez@example.com', 'Lettuce', 335);
INSERT INTO farmer_inventories(farmer_id, product_name, product_quantity)
VALUES('quinn.lopez@example.com', 'Black Beans', 8);
INSERT INTO farmer_inventories(farmer_id, product_name, product_quantity)
VALUES('quinn.lopez@example.com', 'Cotton', 94);
INSERT INTO farmer_inventories(farmer_id, product_name, product_quantity)
VALUES('quinn.lopez@example.com', 'Turmeric', 225);
INSERT INTO farmer_inventories(farmer_id, product_name, product_quantity)
VALUES('quinn.lopez@example.com', 'Pinto Beans', 464);
INSERT INTO farmer_inventories(farmer_id, product_name, product_quantity)
VALUES('quinn.lopez@example.com', 'Blackberries', 375);
INSERT INTO farmer_inventories(farmer_id, product_name, product_quantity)
VALUES('quinn.lopez@example.com', 'Garlic', 82);
INSERT INTO farmer_inventories(farmer_id, product_name, product_quantity)
VALUES('quinn.lopez@example.com', 'Black Beans', 180);
INSERT INTO farmer_inventories(farmer_id, product_name, product_quantity)
VALUES('quinn.lopez@example.com', 'Mangoes', 202);
INSERT INTO farmer_inventories(farmer_id, product_name, product_quantity)
VALUES('quinn.lopez@example.com', 'Tea', 177);
INSERT INTO farmer_inventories(farmer_id, product_name, product_quantity)
VALUES('quinn.lopez@example.com', 'Cashews', 357);
INSERT INTO farmer_inventories(farmer_id, product_name, product_quantity)
VALUES('quinn.lopez@example.com', 'Bamboo Shoots', 348);
INSERT INTO farmer_inventories(farmer_id, product_name, product_quantity)
VALUES('quinn.lopez@example.com', 'Kelp', 287);
INSERT INTO farmer_inventories(farmer_id, product_name, product_quantity)
VALUES('quinn.lopez@example.com', 'Barley', 41);
INSERT INTO farmer_inventories(farmer_id, product_name, product_quantity)
VALUES('quinn.lopez@example.com', 'Hazelnuts', 295);
INSERT INTO farmer_inventories(farmer_id, product_name, product_quantity)
VALUES('quinn.lopez@example.com', 'Almonds', 155);
INSERT INTO farmer_inventories(farmer_id, product_name, product_quantity)
VALUES('ursula.smith@example.com', 'Pineapples', 100);
INSERT INTO farmer_inventories(farmer_id, product_name, product_quantity)
VALUES('ursula.smith@example.com', 'Lima Beans', 278);
INSERT INTO farmer_inventories(farmer_id, product_name, product_quantity)
VALUES('ursula.smith@example.com', 'Papayas', 459);
INSERT INTO farmer_inventories(farmer_id, product_name, product_quantity)
VALUES('ursula.smith@example.com', 'Mushrooms', 316);
INSERT INTO farmer_inventories(farmer_id, product_name, product_quantity)
VALUES('ursula.smith@example.com', 'Lentils', 278);
INSERT INTO farmer_inventories(farmer_id, product_name, product_quantity)
VALUES('ursula.smith@example.com', 'Zucchini', 467);
INSERT INTO farmer_inventories(farmer_id, product_name, product_quantity)
VALUES('ursula.smith@example.com', 'Grapes', 399);
INSERT INTO farmer_inventories(farmer_id, product_name, product_quantity)
VALUES('ursula.smith@example.com', 'Pears', 40);
INSERT INTO farmer_inventories(farmer_id, product_name, product_quantity)
VALUES('ursula.smith@example.com', 'Black Beans', 172);
INSERT INTO farmer_inventories(farmer_id, product_name, product_quantity)
VALUES('ursula.smith@example.com', 'Cotton', 477);
INSERT INTO farmer_inventories(farmer_id, product_name, product_quantity)
VALUES('ursula.smith@example.com', 'Avocados', 114);
INSERT INTO farmer_inventories(farmer_id, product_name, product_quantity)
VALUES('ursula.smith@example.com', 'Pinto Beans', 279);
INSERT INTO farmer_inventories(farmer_id, product_name, product_quantity)
VALUES('ursula.smith@example.com', 'Sugarcane', 38);
INSERT INTO farmer_inventories(farmer_id, product_name, product_quantity)
VALUES('ursula.smith@example.com', 'Almonds', 318);
INSERT INTO farmer_inventories(farmer_id, product_name, product_quantity)
VALUES('wendy.williams@example.com', 'Cabbage', 95);
INSERT INTO farmer_inventories(farmer_id, product_name, product_quantity)
VALUES('wendy.williams@example.com', 'Kiwifruit', 433);
INSERT INTO farmer_inventories(farmer_id, product_name, product_quantity)
VALUES('wendy.williams@example.com', 'Peanuts', 413);
INSERT INTO farmer_inventories(farmer_id, product_name, product_quantity)
VALUES('wendy.williams@example.com', 'Sorghum', 209);
INSERT INTO farmer_inventories(farmer_id, product_name, product_quantity)
VALUES('wendy.williams@example.com', 'Rice', 431);
INSERT INTO farmer_inventories(farmer_id, product_name, product_quantity)
VALUES('wendy.williams@example.com', 'Lychee', 41);
INSERT INTO farmer_inventories(farmer_id, product_name, product_quantity)
VALUES('wendy.williams@example.com', 'Lychee', 264);
INSERT INTO farmer_inventories(farmer_id, product_name, product_quantity)
VALUES('wendy.williams@example.com', 'Taro', 255);
INSERT INTO farmer_inventories(farmer_id, product_name, product_quantity)
VALUES('wendy.williams@example.com', 'Sesame', 67);
INSERT INTO farmer_inventories(farmer_id, product_name, product_quantity)
VALUES('wendy.williams@example.com', 'Dulse', 161);
INSERT INTO farmer_inventories(farmer_id, product_name, product_quantity)
VALUES('wendy.williams@example.com', 'Pineapples', 499);
INSERT INTO farmer_inventories(farmer_id, product_name, product_quantity)
VALUES('wendy.williams@example.com', 'Oats', 484);
INSERT INTO farmer_inventories(farmer_id, product_name, product_quantity)
VALUES('wendy.williams@example.com', 'Squash', 133);
INSERT INTO farmer_inventories(farmer_id, product_name, product_quantity)
VALUES('wendy.williams@example.com', 'Blackberries', 358);
INSERT INTO farmer_inventories(farmer_id, product_name, product_quantity)
VALUES('wendy.williams@example.com', 'Potatoes', 310);
